LOCATION,INDICATOR,SUBJECT,MEASURE,FREQUENCY,TIME,Value,Flag Codes
AUS,EDUPUBEXP,TRY,PC_GDP,A,2000,0.745056,
AUS,EDUPUBEXP,TRY,PC_GDP,A,2005,0.6896738,
AUS,EDUPUBEXP,TRY,PC_GDP,A,2008,0.6897866,
AUS,EDUPUBEXP,TRY,PC_GDP,A,2009,0.7353189,
AUS,EDUPUBEXP,TRY,PC_GDP,A,2010,0.7789467,
AUS,EDUPUBEXP,TRY,PC_GDP,A,2011,0.7436351,
AUS,EDUPUBEXP,TRY,PC_GDP,A,2012,0.7192977,
AUS,EDUPUBEXP,TRY,PC_GDP,A,2013,0.7188322,
AUS,EDUPUBEXP,TRY,PC_GDP,A,2014,0.7173315,
AUS,EDUPUBEXP,TRY,PC_GDP,A,2015,0.7692648,
AUS,EDUPUBEXP,TRY,PC_GDP,A,2016,0.7564379,
AUS,EDUPUBEXP,TRY,PC_GDP,A,2017,0.7291212,
AUS,EDUPUBEXP,TRY,PC_GDP,A,2018,0.6566467,
AUS,EDUPUBEXP,TRY,PC_GDP,A,2019,0.6473926,
AUT,EDUPUBEXP,TRY,PC_GDP,A,2012,1.661568,
AUT,EDUPUBEXP,TRY,PC_GDP,A,2013,1.644516,
AUT,EDUPUBEXP,TRY,PC_GDP,A,2014,1.614541,
AUT,EDUPUBEXP,TRY,PC_GDP,A,2015,1.634081,
AUT,EDUPUBEXP,TRY,PC_GDP,A,2016,1.631474,
AUT,EDUPUBEXP,TRY,PC_GDP,A,2017,1.560725,
AUT,EDUPUBEXP,TRY,PC_GDP,A,2018,1.551721,
AUT,EDUPUBEXP,TRY,PC_GDP,A,2019,1.555686,
BEL,EDUPUBEXP,TRY,PC_GDP,A,2005,1.0897,
BEL,EDUPUBEXP,TRY,PC_GDP,A,2008,1.128475,
BEL,EDUPUBEXP,TRY,PC_GDP,A,2009,1.226435,
BEL,EDUPUBEXP,TRY,PC_GDP,A,2010,1.208465,
BEL,EDUPUBEXP,TRY,PC_GDP,A,2011,1.214926,
BEL,EDUPUBEXP,TRY,PC_GDP,A,2012,1.23873,
BEL,EDUPUBEXP,TRY,PC_GDP,A,2013,1.276725,
BEL,EDUPUBEXP,TRY,PC_GDP,A,2014,1.267146,
BEL,EDUPUBEXP,TRY,PC_GDP,A,2015,1.221587,
BEL,EDUPUBEXP,TRY,PC_GDP,A,2016,1.231372,
BEL,EDUPUBEXP,TRY,PC_GDP,A,2017,1.252936,
BEL,EDUPUBEXP,TRY,PC_GDP,A,2018,1.269208,
BEL,EDUPUBEXP,TRY,PC_GDP,A,2019,1.279079,
CAN,EDUPUBEXP,TRY,PC_GDP,A,2000,1.485331,
CAN,EDUPUBEXP,TRY,PC_GDP,A,2005,1.338613,
CAN,EDUPUBEXP,TRY,PC_GDP,A,2008,1.524971,
CAN,EDUPUBEXP,TRY,PC_GDP,A,2009,1.480583,
CAN,EDUPUBEXP,TRY,PC_GDP,A,2010,1.578337,
CAN,EDUPUBEXP,TRY,PC_GDP,A,2011,1.426457,
CAN,EDUPUBEXP,TRY,PC_GDP,A,2012,1.326726,
CAN,EDUPUBEXP,TRY,PC_GDP,A,2013,1.281192,
CAN,EDUPUBEXP,TRY,PC_GDP,A,2014,1.238263,
CAN,EDUPUBEXP,TRY,PC_GDP,A,2015,1.19926,
CAN,EDUPUBEXP,TRY,PC_GDP,A,2016,1.249911,
CAN,EDUPUBEXP,TRY,PC_GDP,A,2017,1.248397,
CAN,EDUPUBEXP,TRY,PC_GDP,A,2018,1.217783,
CAN,EDUPUBEXP,TRY,PC_GDP,A,2019,1.171513,
CZE,EDUPUBEXP,TRY,PC_GDP,A,1995,0.5865229,
CZE,EDUPUBEXP,TRY,PC_GDP,A,2000,0.6315706,
CZE,EDUPUBEXP,TRY,PC_GDP,A,2005,0.7647003,
CZE,EDUPUBEXP,TRY,PC_GDP,A,2008,0.8404694,
CZE,EDUPUBEXP,TRY,PC_GDP,A,2009,0.9356198,
CZE,EDUPUBEXP,TRY,PC_GDP,A,2010,0.8853807,
CZE,EDUPUBEXP,TRY,PC_GDP,A,2011,1.077835,
CZE,EDUPUBEXP,TRY,PC_GDP,A,2012,0.9713772,
CZE,EDUPUBEXP,TRY,PC_GDP,A,2013,0.8519494,
CZE,EDUPUBEXP,TRY,PC_GDP,A,2014,0.7778439,
CZE,EDUPUBEXP,TRY,PC_GDP,A,2015,0.7511527,
CZE,EDUPUBEXP,TRY,PC_GDP,A,2016,0.6845585,
CZE,EDUPUBEXP,TRY,PC_GDP,A,2017,0.681298,
CZE,EDUPUBEXP,TRY,PC_GDP,A,2018,0.9095964,
CZE,EDUPUBEXP,TRY,PC_GDP,A,2019,0.916695,
DNK,EDUPUBEXP,TRY,PC_GDP,A,1995,1.593177,
DNK,EDUPUBEXP,TRY,PC_GDP,A,2000,1.482842,
DNK,EDUPUBEXP,TRY,PC_GDP,A,2005,1.603695,
DNK,EDUPUBEXP,TRY,PC_GDP,A,2008,1.515695,
DNK,EDUPUBEXP,TRY,PC_GDP,A,2009,1.701416,
DNK,EDUPUBEXP,TRY,PC_GDP,A,2010,1.68758,
DNK,EDUPUBEXP,TRY,PC_GDP,A,2011,1.695767,
DNK,EDUPUBEXP,TRY,PC_GDP,A,2012,1.468818,
DNK,EDUPUBEXP,TRY,PC_GDP,A,2013,1.540204,
DNK,EDUPUBEXP,TRY,PC_GDP,A,2014,1.56226,
DNK,EDUPUBEXP,TRY,PC_GDP,A,2016,1.810841,
DNK,EDUPUBEXP,TRY,PC_GDP,A,2017,1.590271,
DNK,EDUPUBEXP,TRY,PC_GDP,A,2018,1.564705,
DNK,EDUPUBEXP,TRY,PC_GDP,A,2019,1.551309,
FIN,EDUPUBEXP,TRY,PC_GDP,A,1995,1.836061,
FIN,EDUPUBEXP,TRY,PC_GDP,A,2000,1.600166,
FIN,EDUPUBEXP,TRY,PC_GDP,A,2005,1.588786,
FIN,EDUPUBEXP,TRY,PC_GDP,A,2008,1.537551,
FIN,EDUPUBEXP,TRY,PC_GDP,A,2009,1.727368,
FIN,EDUPUBEXP,TRY,PC_GDP,A,2010,1.757051,
FIN,EDUPUBEXP,TRY,PC_GDP,A,2011,1.775771,
FIN,EDUPUBEXP,TRY,PC_GDP,A,2012,1.695554,
FIN,EDUPUBEXP,TRY,PC_GDP,A,2013,1.659276,
FIN,EDUPUBEXP,TRY,PC_GDP,A,2014,1.629648,
FIN,EDUPUBEXP,TRY,PC_GDP,A,2015,1.592316,
FIN,EDUPUBEXP,TRY,PC_GDP,A,2016,1.537382,
FIN,EDUPUBEXP,TRY,PC_GDP,A,2017,1.435572,
FIN,EDUPUBEXP,TRY,PC_GDP,A,2018,1.396966,
FIN,EDUPUBEXP,TRY,PC_GDP,A,2019,1.371993,
FRA,EDUPUBEXP,TRY,PC_GDP,A,2005,1.072538,
FRA,EDUPUBEXP,TRY,PC_GDP,A,2008,1.121222,
FRA,EDUPUBEXP,TRY,PC_GDP,A,2009,1.210475,
FRA,EDUPUBEXP,TRY,PC_GDP,A,2010,1.188449,
FRA,EDUPUBEXP,TRY,PC_GDP,A,2011,1.156935,
FRA,EDUPUBEXP,TRY,PC_GDP,A,2012,1.131791,
FRA,EDUPUBEXP,TRY,PC_GDP,A,2013,1.138958,
FRA,EDUPUBEXP,TRY,PC_GDP,A,2014,1.140018,
FRA,EDUPUBEXP,TRY,PC_GDP,A,2015,1.138366,
FRA,EDUPUBEXP,TRY,PC_GDP,A,2016,1.114654,
FRA,EDUPUBEXP,TRY,PC_GDP,A,2017,1.119547,
FRA,EDUPUBEXP,TRY,PC_GDP,A,2018,1.123677,
FRA,EDUPUBEXP,TRY,PC_GDP,A,2019,1.11282,
DEU,EDUPUBEXP,TRY,PC_GDP,A,2005,0.8814559,
DEU,EDUPUBEXP,TRY,PC_GDP,A,2008,0.9259072,
DEU,EDUPUBEXP,TRY,PC_GDP,A,2010,1.021222,
DEU,EDUPUBEXP,TRY,PC_GDP,A,2011,1.031522,
DEU,EDUPUBEXP,TRY,PC_GDP,A,2012,1.030683,
DEU,EDUPUBEXP,TRY,PC_GDP,A,2013,1.025923,
DEU,EDUPUBEXP,TRY,PC_GDP,A,2014,1.033898,
DEU,EDUPUBEXP,TRY,PC_GDP,A,2015,1.018219,
DEU,EDUPUBEXP,TRY,PC_GDP,A,2016,1.014411,
DEU,EDUPUBEXP,TRY,PC_GDP,A,2017,1.00804,
DEU,EDUPUBEXP,TRY,PC_GDP,A,2018,1.031715,
DEU,EDUPUBEXP,TRY,PC_GDP,A,2019,1.038523,
HUN,EDUPUBEXP,TRY,PC_GDP,A,1995,0.7780028,
HUN,EDUPUBEXP,TRY,PC_GDP,A,2000,0.8466644,
HUN,EDUPUBEXP,TRY,PC_GDP,A,2005,0.8472153,
HUN,EDUPUBEXP,TRY,PC_GDP,A,2008,0.8512157,
HUN,EDUPUBEXP,TRY,PC_GDP,A,2009,0.933553,
HUN,EDUPUBEXP,TRY,PC_GDP,A,2010,0.8135175,
HUN,EDUPUBEXP,TRY,PC_GDP,A,2011,0.9350558,
HUN,EDUPUBEXP,TRY,PC_GDP,A,2012,0.6695898,
HUN,EDUPUBEXP,TRY,PC_GDP,A,2013,0.7777435,
HUN,EDUPUBEXP,TRY,PC_GDP,A,2014,0.6505731,
HUN,EDUPUBEXP,TRY,PC_GDP,A,2015,0.5455052,
HUN,EDUPUBEXP,TRY,PC_GDP,A,2016,0.6603364,
HUN,EDUPUBEXP,TRY,PC_GDP,A,2017,0.7034436,
HUN,EDUPUBEXP,TRY,PC_GDP,A,2018,0.7227081,
HUN,EDUPUBEXP,TRY,PC_GDP,A,2019,0.6225889,
ISL,EDUPUBEXP,TRY,PC_GDP,A,2000,0.9345641,
ISL,EDUPUBEXP,TRY,PC_GDP,A,2005,1.07951,
ISL,EDUPUBEXP,TRY,PC_GDP,A,2008,1.074905,
ISL,EDUPUBEXP,TRY,PC_GDP,A,2009,1.100927,
ISL,EDUPUBEXP,TRY,PC_GDP,A,2010,1.028285,
ISL,EDUPUBEXP,TRY,PC_GDP,A,2011,0.9733869,
ISL,EDUPUBEXP,TRY,PC_GDP,A,2012,1.106254,
ISL,EDUPUBEXP,TRY,PC_GDP,A,2013,1.080411,
ISL,EDUPUBEXP,TRY,PC_GDP,A,2014,1.101267,
ISL,EDUPUBEXP,TRY,PC_GDP,A,2015,1.1058,
ISL,EDUPUBEXP,TRY,PC_GDP,A,2016,1.110522,
ISL,EDUPUBEXP,TRY,PC_GDP,A,2017,1.138857,
ISL,EDUPUBEXP,TRY,PC_GDP,A,2018,1.039868,
ISL,EDUPUBEXP,TRY,PC_GDP,A,2019,1.113099,
IRL,EDUPUBEXP,TRY,PC_GDP,A,1995,0.8597054,
IRL,EDUPUBEXP,TRY,PC_GDP,A,2000,1.095972,
IRL,EDUPUBEXP,TRY,PC_GDP,A,2005,0.8966463,
IRL,EDUPUBEXP,TRY,PC_GDP,A,2008,1.107949,
IRL,EDUPUBEXP,TRY,PC_GDP,A,2009,1.268221,
IRL,EDUPUBEXP,TRY,PC_GDP,A,2010,1.1682,
IRL,EDUPUBEXP,TRY,PC_GDP,A,2011,1.098369,
IRL,EDUPUBEXP,TRY,PC_GDP,A,2012,1.145556,
IRL,EDUPUBEXP,TRY,PC_GDP,A,2013,0.9312343,
IRL,EDUPUBEXP,TRY,PC_GDP,A,2014,0.8207149,
IRL,EDUPUBEXP,TRY,PC_GDP,A,2015,0.6783339,
IRL,EDUPUBEXP,TRY,PC_GDP,A,2016,0.6669157,
IRL,EDUPUBEXP,TRY,PC_GDP,A,2017,0.6157905,
IRL,EDUPUBEXP,TRY,PC_GDP,A,2018,0.5969207,
IRL,EDUPUBEXP,TRY,PC_GDP,A,2019,0.5701401,
ITA,EDUPUBEXP,TRY,PC_GDP,A,1995,0.5913726,
ITA,EDUPUBEXP,TRY,PC_GDP,A,2000,0.6335858,
ITA,EDUPUBEXP,TRY,PC_GDP,A,2005,0.6075383,
ITA,EDUPUBEXP,TRY,PC_GDP,A,2008,0.641295,
ITA,EDUPUBEXP,TRY,PC_GDP,A,2009,0.6445708,
ITA,EDUPUBEXP,TRY,PC_GDP,A,2010,0.6306764,
ITA,EDUPUBEXP,TRY,PC_GDP,A,2011,0.6193513,
ITA,EDUPUBEXP,TRY,PC_GDP,A,2012,0.6018897,
ITA,EDUPUBEXP,TRY,PC_GDP,A,2013,0.6276676,
ITA,EDUPUBEXP,TRY,PC_GDP,A,2014,0.6072653,
ITA,EDUPUBEXP,TRY,PC_GDP,A,2015,0.5687661,
ITA,EDUPUBEXP,TRY,PC_GDP,A,2016,0.5426367,
ITA,EDUPUBEXP,TRY,PC_GDP,A,2017,0.5551374,
ITA,EDUPUBEXP,TRY,PC_GDP,A,2018,0.5584719,
ITA,EDUPUBEXP,TRY,PC_GDP,A,2019,0.5518745,
JPN,EDUPUBEXP,TRY,PC_GDP,A,2005,0.4538096,
JPN,EDUPUBEXP,TRY,PC_GDP,A,2010,0.504977,
JPN,EDUPUBEXP,TRY,PC_GDP,A,2011,0.4567796,
JPN,EDUPUBEXP,TRY,PC_GDP,A,2012,0.4773678,
JPN,EDUPUBEXP,TRY,PC_GDP,A,2013,0.5189706,
JPN,EDUPUBEXP,TRY,PC_GDP,A,2014,0.4958162,
JPN,EDUPUBEXP,TRY,PC_GDP,A,2015,0.4539682,
JPN,EDUPUBEXP,TRY,PC_GDP,A,2016,0.4175691,
JPN,EDUPUBEXP,TRY,PC_GDP,A,2017,0.4258072,
JPN,EDUPUBEXP,TRY,PC_GDP,A,2018,0.4376987,
JPN,EDUPUBEXP,TRY,PC_GDP,A,2019,0.4505243,
KOR,EDUPUBEXP,TRY,PC_GDP,A,2015,0.6187198,
KOR,EDUPUBEXP,TRY,PC_GDP,A,2016,0.6165027,
KOR,EDUPUBEXP,TRY,PC_GDP,A,2017,0.5939833,
KOR,EDUPUBEXP,TRY,PC_GDP,A,2018,0.6220148,
KOR,EDUPUBEXP,TRY,PC_GDP,A,2019,0.580065,
MEX,EDUPUBEXP,TRY,PC_GDP,A,1995,0.6515815,
MEX,EDUPUBEXP,TRY,PC_GDP,A,2000,0.6835283,
MEX,EDUPUBEXP,TRY,PC_GDP,A,2005,0.7917242,
MEX,EDUPUBEXP,TRY,PC_GDP,A,2008,0.8434395,
MEX,EDUPUBEXP,TRY,PC_GDP,A,2009,0.9574725,
MEX,EDUPUBEXP,TRY,PC_GDP,A,2010,0.9435381,
MEX,EDUPUBEXP,TRY,PC_GDP,A,2011,0.8418399,
MEX,EDUPUBEXP,TRY,PC_GDP,A,2012,0.9093491,
MEX,EDUPUBEXP,TRY,PC_GDP,A,2013,0.9502726,
MEX,EDUPUBEXP,TRY,PC_GDP,A,2014,1.006192,
MEX,EDUPUBEXP,TRY,PC_GDP,A,2015,1.000667,
MEX,EDUPUBEXP,TRY,PC_GDP,A,2016,0.9432187,
MEX,EDUPUBEXP,TRY,PC_GDP,A,2017,0.8313277,
MEX,EDUPUBEXP,TRY,PC_GDP,A,2018,0.8207449,
MEX,EDUPUBEXP,TRY,PC_GDP,A,2019,0.7742228,
NLD,EDUPUBEXP,TRY,PC_GDP,A,1995,1.160544,
NLD,EDUPUBEXP,TRY,PC_GDP,A,2000,0.9689017,
NLD,EDUPUBEXP,TRY,PC_GDP,A,2005,1.033781,
NLD,EDUPUBEXP,TRY,PC_GDP,A,2008,0.9983744,
NLD,EDUPUBEXP,TRY,PC_GDP,A,2009,1.089515,
NLD,EDUPUBEXP,TRY,PC_GDP,A,2010,1.120781,
NLD,EDUPUBEXP,TRY,PC_GDP,A,2011,1.125165,
NLD,EDUPUBEXP,TRY,PC_GDP,A,2012,1.143302,
NLD,EDUPUBEXP,TRY,PC_GDP,A,2013,1.153453,
NLD,EDUPUBEXP,TRY,PC_GDP,A,2014,1.15734,
NLD,EDUPUBEXP,TRY,PC_GDP,A,2015,1.154288,
NLD,EDUPUBEXP,TRY,PC_GDP,A,2016,1.143769,
NLD,EDUPUBEXP,TRY,PC_GDP,A,2017,1.128303,
NLD,EDUPUBEXP,TRY,PC_GDP,A,2018,1.135061,
NLD,EDUPUBEXP,TRY,PC_GDP,A,2019,1.141498,
NZL,EDUPUBEXP,TRY,PC_GDP,A,2000,0.7695606,
NZL,EDUPUBEXP,TRY,PC_GDP,A,2005,0.9260722,
NZL,EDUPUBEXP,TRY,PC_GDP,A,2008,1.077317,
NZL,EDUPUBEXP,TRY,PC_GDP,A,2009,1.097373,
NZL,EDUPUBEXP,TRY,PC_GDP,A,2010,1.065699,
NZL,EDUPUBEXP,TRY,PC_GDP,A,2011,1.005557,
NZL,EDUPUBEXP,TRY,PC_GDP,A,2012,0.9737637,
NZL,EDUPUBEXP,TRY,PC_GDP,A,2013,0.931972,
NZL,EDUPUBEXP,TRY,PC_GDP,A,2014,0.9397289,
NZL,EDUPUBEXP,TRY,PC_GDP,A,2015,0.9334207,
NZL,EDUPUBEXP,TRY,PC_GDP,A,2016,0.8880482,
NZL,EDUPUBEXP,TRY,PC_GDP,A,2017,0.8590711,
NZL,EDUPUBEXP,TRY,PC_GDP,A,2018,0.8700068,
NZL,EDUPUBEXP,TRY,PC_GDP,A,2019,0.8738854,
NZL,EDUPUBEXP,TRY,PC_GDP,A,2020,0.9539283,
NOR,EDUPUBEXP,TRY,PC_GDP,A,1995,1.805103,
NOR,EDUPUBEXP,TRY,PC_GDP,A,2000,1.60605,
NOR,EDUPUBEXP,TRY,PC_GDP,A,2005,1.675652,
NOR,EDUPUBEXP,TRY,PC_GDP,A,2008,1.506286,
NOR,EDUPUBEXP,TRY,PC_GDP,A,2009,1.595239,
NOR,EDUPUBEXP,TRY,PC_GDP,A,2010,1.560369,
NOR,EDUPUBEXP,TRY,PC_GDP,A,2011,1.545856,
NOR,EDUPUBEXP,TRY,PC_GDP,A,2012,1.518847,
NOR,EDUPUBEXP,TRY,PC_GDP,A,2013,1.542566,
NOR,EDUPUBEXP,TRY,PC_GDP,A,2014,1.610815,
NOR,EDUPUBEXP,TRY,PC_GDP,A,2015,1.673187,
NOR,EDUPUBEXP,TRY,PC_GDP,A,2016,1.791,
NOR,EDUPUBEXP,TRY,PC_GDP,A,2017,1.789086,
NOR,EDUPUBEXP,TRY,PC_GDP,A,2018,1.810491,
NOR,EDUPUBEXP,TRY,PC_GDP,A,2019,1.797895,
POL,EDUPUBEXP,TRY,PC_GDP,A,1995,0.7952014,
POL,EDUPUBEXP,TRY,PC_GDP,A,2000,0.7002658,
POL,EDUPUBEXP,TRY,PC_GDP,A,2005,1.162004,
POL,EDUPUBEXP,TRY,PC_GDP,A,2008,1.019805,
POL,EDUPUBEXP,TRY,PC_GDP,A,2009,1.034234,
POL,EDUPUBEXP,TRY,PC_GDP,A,2010,1.0124,
POL,EDUPUBEXP,TRY,PC_GDP,A,2011,0.9609058,
POL,EDUPUBEXP,TRY,PC_GDP,A,2012,0.9844868,
POL,EDUPUBEXP,TRY,PC_GDP,A,2013,1.070534,
POL,EDUPUBEXP,TRY,PC_GDP,A,2014,1.050432,
POL,EDUPUBEXP,TRY,PC_GDP,A,2015,1.085285,
POL,EDUPUBEXP,TRY,PC_GDP,A,2016,0.931963,
POL,EDUPUBEXP,TRY,PC_GDP,A,2017,0.9533964,
POL,EDUPUBEXP,TRY,PC_GDP,A,2018,0.9441145,
POL,EDUPUBEXP,TRY,PC_GDP,A,2019,1.001094,
PRT,EDUPUBEXP,TRY,PC_GDP,A,1995,0.8199822,
PRT,EDUPUBEXP,TRY,PC_GDP,A,2000,0.8740613,
PRT,EDUPUBEXP,TRY,PC_GDP,A,2005,0.8378405,
PRT,EDUPUBEXP,TRY,PC_GDP,A,2008,0.7728194,
PRT,EDUPUBEXP,TRY,PC_GDP,A,2009,0.8785128,
PRT,EDUPUBEXP,TRY,PC_GDP,A,2010,0.9102976,
PRT,EDUPUBEXP,TRY,PC_GDP,A,2011,0.8535207,
PRT,EDUPUBEXP,TRY,PC_GDP,A,2012,0.670371,
PRT,EDUPUBEXP,TRY,PC_GDP,A,2013,0.7363031,
PRT,EDUPUBEXP,TRY,PC_GDP,A,2014,0.7698035,
PRT,EDUPUBEXP,TRY,PC_GDP,A,2015,0.7491929,
PRT,EDUPUBEXP,TRY,PC_GDP,A,2016,0.7073579,
PRT,EDUPUBEXP,TRY,PC_GDP,A,2017,0.6994142,
PRT,EDUPUBEXP,TRY,PC_GDP,A,2018,0.6794092,
PRT,EDUPUBEXP,TRY,PC_GDP,A,2019,0.6893417,
SVK,EDUPUBEXP,TRY,PC_GDP,A,1995,0.6873221,
SVK,EDUPUBEXP,TRY,PC_GDP,A,2000,0.683295,
SVK,EDUPUBEXP,TRY,PC_GDP,A,2005,0.6783239,
SVK,EDUPUBEXP,TRY,PC_GDP,A,2008,0.6088505,
SVK,EDUPUBEXP,TRY,PC_GDP,A,2009,0.6176396,
SVK,EDUPUBEXP,TRY,PC_GDP,A,2010,0.6148465,
SVK,EDUPUBEXP,TRY,PC_GDP,A,2011,0.7264499,
SVK,EDUPUBEXP,TRY,PC_GDP,A,2012,0.7392262,
SVK,EDUPUBEXP,TRY,PC_GDP,A,2013,0.8008989,
SVK,EDUPUBEXP,TRY,PC_GDP,A,2014,0.8108926,
SVK,EDUPUBEXP,TRY,PC_GDP,A,2015,1.224477,
SVK,EDUPUBEXP,TRY,PC_GDP,A,2016,0.6967295,
SVK,EDUPUBEXP,TRY,PC_GDP,A,2017,0.6559251,
SVK,EDUPUBEXP,TRY,PC_GDP,A,2018,0.6326743,
SVK,EDUPUBEXP,TRY,PC_GDP,A,2019,0.66374,
ESP,EDUPUBEXP,TRY,PC_GDP,A,1995,0.7292805,
ESP,EDUPUBEXP,TRY,PC_GDP,A,2000,0.8306078,
ESP,EDUPUBEXP,TRY,PC_GDP,A,2005,0.851014,
ESP,EDUPUBEXP,TRY,PC_GDP,A,2008,0.9418286,
ESP,EDUPUBEXP,TRY,PC_GDP,A,2009,1.018049,
ESP,EDUPUBEXP,TRY,PC_GDP,A,2010,1.03082,
ESP,EDUPUBEXP,TRY,PC_GDP,A,2011,1.005349,
ESP,EDUPUBEXP,TRY,PC_GDP,A,2012,0.9129882,
ESP,EDUPUBEXP,TRY,PC_GDP,A,2013,0.8837213,
ESP,EDUPUBEXP,TRY,PC_GDP,A,2014,0.8574864,
ESP,EDUPUBEXP,TRY,PC_GDP,A,2015,0.8518408,
ESP,EDUPUBEXP,TRY,PC_GDP,A,2016,0.8172237,
ESP,EDUPUBEXP,TRY,PC_GDP,A,2017,0.8292834,
ESP,EDUPUBEXP,TRY,PC_GDP,A,2018,0.8184737,
ESP,EDUPUBEXP,TRY,PC_GDP,A,2019,0.835281,
SWE,EDUPUBEXP,TRY,PC_GDP,A,1995,1.348928,
SWE,EDUPUBEXP,TRY,PC_GDP,A,2000,1.338537,
SWE,EDUPUBEXP,TRY,PC_GDP,A,2005,1.304841,
SWE,EDUPUBEXP,TRY,PC_GDP,A,2008,1.278797,
SWE,EDUPUBEXP,TRY,PC_GDP,A,2009,1.423215,
SWE,EDUPUBEXP,TRY,PC_GDP,A,2010,1.428514,
SWE,EDUPUBEXP,TRY,PC_GDP,A,2011,1.39363,
SWE,EDUPUBEXP,TRY,PC_GDP,A,2012,1.421708,
SWE,EDUPUBEXP,TRY,PC_GDP,A,2013,1.435052,
SWE,EDUPUBEXP,TRY,PC_GDP,A,2014,1.42181,
SWE,EDUPUBEXP,TRY,PC_GDP,A,2015,1.352481,
SWE,EDUPUBEXP,TRY,PC_GDP,A,2016,1.347826,
SWE,EDUPUBEXP,TRY,PC_GDP,A,2017,1.316297,
SWE,EDUPUBEXP,TRY,PC_GDP,A,2018,1.311506,
SWE,EDUPUBEXP,TRY,PC_GDP,A,2019,1.295609,
CHE,EDUPUBEXP,TRY,PC_GDP,A,1995,1.016348,
CHE,EDUPUBEXP,TRY,PC_GDP,A,2000,1.020689,
CHE,EDUPUBEXP,TRY,PC_GDP,A,2005,1.237354,
CHE,EDUPUBEXP,TRY,PC_GDP,A,2008,1.019329,
CHE,EDUPUBEXP,TRY,PC_GDP,A,2009,1.131189,
CHE,EDUPUBEXP,TRY,PC_GDP,A,2010,1.126291,
CHE,EDUPUBEXP,TRY,PC_GDP,A,2011,1.163338,
CHE,EDUPUBEXP,TRY,PC_GDP,A,2012,1.188925,
CHE,EDUPUBEXP,TRY,PC_GDP,A,2013,1.192015,
CHE,EDUPUBEXP,TRY,PC_GDP,A,2014,1.239107,
CHE,EDUPUBEXP,TRY,PC_GDP,A,2015,1.234425,
CHE,EDUPUBEXP,TRY,PC_GDP,A,2016,1.221542,
CHE,EDUPUBEXP,TRY,PC_GDP,A,2017,1.244379,
CHE,EDUPUBEXP,TRY,PC_GDP,A,2018,1.232339,
GBR,EDUPUBEXP,TRY,PC_GDP,A,2012,0.9640396,
GBR,EDUPUBEXP,TRY,PC_GDP,A,2013,0.5943726,
GBR,EDUPUBEXP,TRY,PC_GDP,A,2014,0.481073,
GBR,EDUPUBEXP,TRY,PC_GDP,A,2015,0.4708441,
GBR,EDUPUBEXP,TRY,PC_GDP,A,2016,0.5126929,
GBR,EDUPUBEXP,TRY,PC_GDP,A,2017,0.4896833,
GBR,EDUPUBEXP,TRY,PC_GDP,A,2018,0.4915862,
GBR,EDUPUBEXP,TRY,PC_GDP,A,2019,0.4700029,
USA,EDUPUBEXP,TRY,PC_GDP,A,2000,0.9406957,
USA,EDUPUBEXP,TRY,PC_GDP,A,2005,1.02126,
USA,EDUPUBEXP,TRY,PC_GDP,A,2008,1.049673,
USA,EDUPUBEXP,TRY,PC_GDP,A,2009,1.080035,
USA,EDUPUBEXP,TRY,PC_GDP,A,2010,1.069704,
USA,EDUPUBEXP,TRY,PC_GDP,A,2011,1.065658,
USA,EDUPUBEXP,TRY,PC_GDP,A,2012,1.038351,
USA,EDUPUBEXP,TRY,PC_GDP,A,2013,0.943997,
USA,EDUPUBEXP,TRY,PC_GDP,A,2014,0.9130796,
USA,EDUPUBEXP,TRY,PC_GDP,A,2015,0.9016919,
USA,EDUPUBEXP,TRY,PC_GDP,A,2016,0.8964715,
USA,EDUPUBEXP,TRY,PC_GDP,A,2017,0.9089554,
USA,EDUPUBEXP,TRY,PC_GDP,A,2018,0.9026258,
USA,EDUPUBEXP,TRY,PC_GDP,A,2019,0.8901471,
BRA,EDUPUBEXP,TRY,PC_GDP,A,1995,0.6332349,
BRA,EDUPUBEXP,TRY,PC_GDP,A,2000,0.6733127,
BRA,EDUPUBEXP,TRY,PC_GDP,A,2005,0.7480758,
BRA,EDUPUBEXP,TRY,PC_GDP,A,2008,0.7587525,
BRA,EDUPUBEXP,TRY,PC_GDP,A,2009,0.7930152,
BRA,EDUPUBEXP,TRY,PC_GDP,A,2010,0.8562671,
BRA,EDUPUBEXP,TRY,PC_GDP,A,2011,0.931353,
BRA,EDUPUBEXP,TRY,PC_GDP,A,2012,0.7985235,
BRA,EDUPUBEXP,TRY,PC_GDP,A,2013,0.8596947,
BRA,EDUPUBEXP,TRY,PC_GDP,A,2014,0.8242933,
BRA,EDUPUBEXP,TRY,PC_GDP,A,2015,0.9596016,
BRA,EDUPUBEXP,TRY,PC_GDP,A,2016,0.9969644,
BRA,EDUPUBEXP,TRY,PC_GDP,A,2017,1.13444,
BRA,EDUPUBEXP,TRY,PC_GDP,A,2018,1.053156,
CHL,EDUPUBEXP,TRY,PC_GDP,A,1995,0.3651424,
CHL,EDUPUBEXP,TRY,PC_GDP,A,2000,0.3822827,
CHL,EDUPUBEXP,TRY,PC_GDP,A,2005,0.2969481,
CHL,EDUPUBEXP,TRY,PC_GDP,A,2008,0.268862,
CHL,EDUPUBEXP,TRY,PC_GDP,A,2009,0.2929778,
CHL,EDUPUBEXP,TRY,PC_GDP,A,2010,0.5343704,
CHL,EDUPUBEXP,TRY,PC_GDP,A,2011,0.5256434,
CHL,EDUPUBEXP,TRY,PC_GDP,A,2012,0.5926008,
CHL,EDUPUBEXP,TRY,PC_GDP,A,2013,0.8204073,
CHL,EDUPUBEXP,TRY,PC_GDP,A,2014,0.8726857,
CHL,EDUPUBEXP,TRY,PC_GDP,A,2015,0.7190303,
CHL,EDUPUBEXP,TRY,PC_GDP,A,2016,0.8407131,
CHL,EDUPUBEXP,TRY,PC_GDP,A,2017,0.9771603,
CHL,EDUPUBEXP,TRY,PC_GDP,A,2018,0.9853786,
CHL,EDUPUBEXP,TRY,PC_GDP,A,2019,1.04605,
EST,EDUPUBEXP,TRY,PC_GDP,A,1995,0.9409289,
EST,EDUPUBEXP,TRY,PC_GDP,A,2000,1.016825,
EST,EDUPUBEXP,TRY,PC_GDP,A,2005,0.7713388,
EST,EDUPUBEXP,TRY,PC_GDP,A,2008,0.9249424,
EST,EDUPUBEXP,TRY,PC_GDP,A,2009,1.179474,
EST,EDUPUBEXP,TRY,PC_GDP,A,2010,1.041413,
EST,EDUPUBEXP,TRY,PC_GDP,A,2011,1.14037,
EST,EDUPUBEXP,TRY,PC_GDP,A,2012,0.9309106,
EST,EDUPUBEXP,TRY,PC_GDP,A,2013,1.242228,
EST,EDUPUBEXP,TRY,PC_GDP,A,2014,1.352918,
EST,EDUPUBEXP,TRY,PC_GDP,A,2015,1.241348,
EST,EDUPUBEXP,TRY,PC_GDP,A,2016,1.240786,
EST,EDUPUBEXP,TRY,PC_GDP,A,2017,1.074734,
EST,EDUPUBEXP,TRY,PC_GDP,A,2018,1.12923,
EST,EDUPUBEXP,TRY,PC_GDP,A,2019,1.040924,
IND,EDUPUBEXP,TRY,PC_GDP,A,2000,0.8247082,
IND,EDUPUBEXP,TRY,PC_GDP,A,2005,0.5538228,
IND,EDUPUBEXP,TRY,PC_GDP,A,2009,1.045973,
IND,EDUPUBEXP,TRY,PC_GDP,A,2010,1.024662,
IND,EDUPUBEXP,TRY,PC_GDP,A,2011,1.146996,
IND,EDUPUBEXP,TRY,PC_GDP,A,2012,1.092967,
IND,EDUPUBEXP,TRY,PC_GDP,A,2013,0.9572258,
IND,EDUPUBEXP,TRY,PC_GDP,A,2020,1.515566,
IDN,EDUPUBEXP,TRY,PC_GDP,A,2008,0.2765502,
IDN,EDUPUBEXP,TRY,PC_GDP,A,2009,0.386797,
IDN,EDUPUBEXP,TRY,PC_GDP,A,2010,0.4399521,
IDN,EDUPUBEXP,TRY,PC_GDP,A,2012,0.5719596,
IDN,EDUPUBEXP,TRY,PC_GDP,A,2013,0.534495,
IDN,EDUPUBEXP,TRY,PC_GDP,A,2014,0.4799689,
IDN,EDUPUBEXP,TRY,PC_GDP,A,2015,0.5143438,
ISR,EDUPUBEXP,TRY,PC_GDP,A,1995,1.034817,
ISR,EDUPUBEXP,TRY,PC_GDP,A,2000,0.9895174,
ISR,EDUPUBEXP,TRY,PC_GDP,A,2005,0.8411416,
ISR,EDUPUBEXP,TRY,PC_GDP,A,2008,0.7801322,
ISR,EDUPUBEXP,TRY,PC_GDP,A,2009,0.8672736,
ISR,EDUPUBEXP,TRY,PC_GDP,A,2010,0.8343136,
ISR,EDUPUBEXP,TRY,PC_GDP,A,2011,0.7967855,
ISR,EDUPUBEXP,TRY,PC_GDP,A,2012,0.8636767,
ISR,EDUPUBEXP,TRY,PC_GDP,A,2013,0.8668128,
ISR,EDUPUBEXP,TRY,PC_GDP,A,2014,0.8289154,
ISR,EDUPUBEXP,TRY,PC_GDP,A,2015,0.8525712,
ISR,EDUPUBEXP,TRY,PC_GDP,A,2016,0.7893993,
ISR,EDUPUBEXP,TRY,PC_GDP,A,2017,0.799474,
ISR,EDUPUBEXP,TRY,PC_GDP,A,2018,0.7479237,
ISR,EDUPUBEXP,TRY,PC_GDP,A,2019,0.7574472,
RUS,EDUPUBEXP,TRY,PC_GDP,A,2008,0.8826576,
RUS,EDUPUBEXP,TRY,PC_GDP,A,2009,1.090647,
RUS,EDUPUBEXP,TRY,PC_GDP,A,2010,0.9717912,
RUS,EDUPUBEXP,TRY,PC_GDP,A,2011,0.8496242,
RUS,EDUPUBEXP,TRY,PC_GDP,A,2012,0.8023063,
RUS,EDUPUBEXP,TRY,PC_GDP,A,2013,0.8241238,
RUS,EDUPUBEXP,TRY,PC_GDP,A,2014,0.8115946,
RUS,EDUPUBEXP,TRY,PC_GDP,A,2015,0.7349676,
RUS,EDUPUBEXP,TRY,PC_GDP,A,2016,0.7366712,
RUS,EDUPUBEXP,TRY,PC_GDP,A,2017,0.5478567,
RUS,EDUPUBEXP,TRY,PC_GDP,A,2018,0.6522307,
SVN,EDUPUBEXP,TRY,PC_GDP,A,2005,0.9416743,
SVN,EDUPUBEXP,TRY,PC_GDP,A,2008,0.9139977,
SVN,EDUPUBEXP,TRY,PC_GDP,A,2009,1.049926,
SVN,EDUPUBEXP,TRY,PC_GDP,A,2010,1.021342,
SVN,EDUPUBEXP,TRY,PC_GDP,A,2011,1.026969,
SVN,EDUPUBEXP,TRY,PC_GDP,A,2012,1.007185,
SVN,EDUPUBEXP,TRY,PC_GDP,A,2013,0.9629069,
SVN,EDUPUBEXP,TRY,PC_GDP,A,2014,0.9118269,
SVN,EDUPUBEXP,TRY,PC_GDP,A,2015,0.8626547,
SVN,EDUPUBEXP,TRY,PC_GDP,A,2016,0.8431632,
SVN,EDUPUBEXP,TRY,PC_GDP,A,2017,0.8536557,
SVN,EDUPUBEXP,TRY,PC_GDP,A,2018,0.8704147,
SVN,EDUPUBEXP,TRY,PC_GDP,A,2019,0.8847357,
ZAF,EDUPUBEXP,TRY,PC_GDP,A,2005,651.0557,
ZAF,EDUPUBEXP,TRY,PC_GDP,A,2008,507.4386,
ZAF,EDUPUBEXP,TRY,PC_GDP,A,2009,553.5988,
ZAF,EDUPUBEXP,TRY,PC_GDP,A,2010,556.6642,
ZAF,EDUPUBEXP,TRY,PC_GDP,A,2011,582.8435,
ZAF,EDUPUBEXP,TRY,PC_GDP,A,2012,598.2125,
ZAF,EDUPUBEXP,TRY,PC_GDP,A,2013,590.4778,
ZAF,EDUPUBEXP,TRY,PC_GDP,A,2014,588.3498,
ZAF,EDUPUBEXP,TRY,PC_GDP,A,2015,596.3206,
ZAF,EDUPUBEXP,TRY,PC_GDP,A,2017,0.6009259,
ZAF,EDUPUBEXP,TRY,PC_GDP,A,2018,0.6484875,
ZAF,EDUPUBEXP,TRY,PC_GDP,A,2019,0.7266562,
ZAF,EDUPUBEXP,TRY,PC_GDP,A,2020,0.8516115,
AUS,EDUPUBEXP,PRY_NTRY,PC_GDP,A,2000,3.14457,
AUS,EDUPUBEXP,PRY_NTRY,PC_GDP,A,2005,3.226864,
AUS,EDUPUBEXP,PRY_NTRY,PC_GDP,A,2008,3.171103,
AUS,EDUPUBEXP,PRY_NTRY,PC_GDP,A,2009,3.561052,
AUS,EDUPUBEXP,PRY_NTRY,PC_GDP,A,2010,3.790868,
AUS,EDUPUBEXP,PRY_NTRY,PC_GDP,A,2011,3.490792,
AUS,EDUPUBEXP,PRY_NTRY,PC_GDP,A,2012,3.29599,
AUS,EDUPUBEXP,PRY_NTRY,PC_GDP,A,2013,3.258034,
AUS,EDUPUBEXP,PRY_NTRY,PC_GDP,A,2014,3.20707,
AUS,EDUPUBEXP,PRY_NTRY,PC_GDP,A,2015,3.181875,
AUS,EDUPUBEXP,PRY_NTRY,PC_GDP,A,2016,3.192515,
AUS,EDUPUBEXP,PRY_NTRY,PC_GDP,A,2017,3.230665,
AUS,EDUPUBEXP,PRY_NTRY,PC_GDP,A,2018,3.307398,
AUS,EDUPUBEXP,PRY_NTRY,PC_GDP,A,2019,3.420695,
AUT,EDUPUBEXP,PRY_NTRY,PC_GDP,A,2012,2.993731,
AUT,EDUPUBEXP,PRY_NTRY,PC_GDP,A,2013,3.071253,
AUT,EDUPUBEXP,PRY_NTRY,PC_GDP,A,2014,2.979963,
AUT,EDUPUBEXP,PRY_NTRY,PC_GDP,A,2015,2.980174,
AUT,EDUPUBEXP,PRY_NTRY,PC_GDP,A,2016,2.988191,
AUT,EDUPUBEXP,PRY_NTRY,PC_GDP,A,2017,2.941086,
AUT,EDUPUBEXP,PRY_NTRY,PC_GDP,A,2018,2.826268,
AUT,EDUPUBEXP,PRY_NTRY,PC_GDP,A,2019,2.79831,
BEL,EDUPUBEXP,PRY_NTRY,PC_GDP,A,2005,3.882769,
BEL,EDUPUBEXP,PRY_NTRY,PC_GDP,A,2008,4.143592,
BEL,EDUPUBEXP,PRY_NTRY,PC_GDP,A,2009,4.152045,
BEL,EDUPUBEXP,PRY_NTRY,PC_GDP,A,2010,4.142179,
BEL,EDUPUBEXP,PRY_NTRY,PC_GDP,A,2011,4.129149,
BEL,EDUPUBEXP,PRY_NTRY,PC_GDP,A,2012,4.176546,
BEL,EDUPUBEXP,PRY_NTRY,PC_GDP,A,2013,4.183889,
BEL,EDUPUBEXP,PRY_NTRY,PC_GDP,A,2014,4.121513,
BEL,EDUPUBEXP,PRY_NTRY,PC_GDP,A,2015,4.053206,
BEL,EDUPUBEXP,PRY_NTRY,PC_GDP,A,2016,4.044523,
BEL,EDUPUBEXP,PRY_NTRY,PC_GDP,A,2017,4.010449,
BEL,EDUPUBEXP,PRY_NTRY,PC_GDP,A,2018,3.975721,
BEL,EDUPUBEXP,PRY_NTRY,PC_GDP,A,2019,3.909918,
CAN,EDUPUBEXP,PRY_NTRY,PC_GDP,A,2000,3.197672,
CAN,EDUPUBEXP,PRY_NTRY,PC_GDP,A,2005,3.105963,
CAN,EDUPUBEXP,PRY_NTRY,PC_GDP,A,2008,3.209979,
CAN,EDUPUBEXP,PRY_NTRY,PC_GDP,A,2009,3.324768,
CAN,EDUPUBEXP,PRY_NTRY,PC_GDP,A,2010,3.539711,
CAN,EDUPUBEXP,PRY_NTRY,PC_GDP,A,2011,3.414058,
CAN,EDUPUBEXP,PRY_NTRY,PC_GDP,A,2012,3.339135,
CAN,EDUPUBEXP,PRY_NTRY,PC_GDP,A,2013,3.265116,
CAN,EDUPUBEXP,PRY_NTRY,PC_GDP,A,2014,3.197652,
CAN,EDUPUBEXP,PRY_NTRY,PC_GDP,A,2015,3.170711,
CAN,EDUPUBEXP,PRY_NTRY,PC_GDP,A,2016,3.2598,
CAN,EDUPUBEXP,PRY_NTRY,PC_GDP,A,2017,3.259545,
CAN,EDUPUBEXP,PRY_NTRY,PC_GDP,A,2018,3.223512,
CAN,EDUPUBEXP,PRY_NTRY,PC_GDP,A,2019,3.187562,
CZE,EDUPUBEXP,PRY_NTRY,PC_GDP,A,1995,2.908916,
CZE,EDUPUBEXP,PRY_NTRY,PC_GDP,A,2000,2.348881,
CZE,EDUPUBEXP,PRY_NTRY,PC_GDP,A,2005,2.469716,
CZE,EDUPUBEXP,PRY_NTRY,PC_GDP,A,2008,2.270408,
CZE,EDUPUBEXP,PRY_NTRY,PC_GDP,A,2009,2.491078,
CZE,EDUPUBEXP,PRY_NTRY,PC_GDP,A,2010,2.431169,
CZE,EDUPUBEXP,PRY_NTRY,PC_GDP,A,2011,2.453234,
CZE,EDUPUBEXP,PRY_NTRY,PC_GDP,A,2012,2.486302,
CZE,EDUPUBEXP,PRY_NTRY,PC_GDP,A,2013,2.415625,
CZE,EDUPUBEXP,PRY_NTRY,PC_GDP,A,2014,2.390923,
CZE,EDUPUBEXP,PRY_NTRY,PC_GDP,A,2015,2.408261,
CZE,EDUPUBEXP,PRY_NTRY,PC_GDP,A,2016,2.278536,
CZE,EDUPUBEXP,PRY_NTRY,PC_GDP,A,2017,2.436761,
CZE,EDUPUBEXP,PRY_NTRY,PC_GDP,A,2018,2.685061,
CZE,EDUPUBEXP,PRY_NTRY,PC_GDP,A,2019,2.925186,
DNK,EDUPUBEXP,PRY_NTRY,PC_GDP,A,1995,3.818974,
DNK,EDUPUBEXP,PRY_NTRY,PC_GDP,A,2000,3.920985,
DNK,EDUPUBEXP,PRY_NTRY,PC_GDP,A,2005,4.26534,
DNK,EDUPUBEXP,PRY_NTRY,PC_GDP,A,2008,4.034499,
DNK,EDUPUBEXP,PRY_NTRY,PC_GDP,A,2009,4.505544,
DNK,EDUPUBEXP,PRY_NTRY,PC_GDP,A,2010,4.553352,
DNK,EDUPUBEXP,PRY_NTRY,PC_GDP,A,2011,4.133907,
DNK,EDUPUBEXP,PRY_NTRY,PC_GDP,A,2012,4.513423,
DNK,EDUPUBEXP,PRY_NTRY,PC_GDP,A,2013,4.445553,
DNK,EDUPUBEXP,PRY_NTRY,PC_GDP,A,2014,4.674357,
DNK,EDUPUBEXP,PRY_NTRY,PC_GDP,A,2016,3.571852,
DNK,EDUPUBEXP,PRY_NTRY,PC_GDP,A,2017,3.469537,
DNK,EDUPUBEXP,PRY_NTRY,PC_GDP,A,2018,3.421048,
DNK,EDUPUBEXP,PRY_NTRY,PC_GDP,A,2019,3.36314,
FIN,EDUPUBEXP,PRY_NTRY,PC_GDP,A,1995,3.887082,
FIN,EDUPUBEXP,PRY_NTRY,PC_GDP,A,2000,3.444729,
FIN,EDUPUBEXP,PRY_NTRY,PC_GDP,A,2005,3.660962,
FIN,EDUPUBEXP,PRY_NTRY,PC_GDP,A,2008,3.557376,
FIN,EDUPUBEXP,PRY_NTRY,PC_GDP,A,2009,3.875,
FIN,EDUPUBEXP,PRY_NTRY,PC_GDP,A,2010,3.907402,
FIN,EDUPUBEXP,PRY_NTRY,PC_GDP,A,2011,3.858106,
FIN,EDUPUBEXP,PRY_NTRY,PC_GDP,A,2012,3.887309,
FIN,EDUPUBEXP,PRY_NTRY,PC_GDP,A,2013,3.878606,
FIN,EDUPUBEXP,PRY_NTRY,PC_GDP,A,2014,3.887987,
FIN,EDUPUBEXP,PRY_NTRY,PC_GDP,A,2015,3.936406,
FIN,EDUPUBEXP,PRY_NTRY,PC_GDP,A,2016,3.819765,
FIN,EDUPUBEXP,PRY_NTRY,PC_GDP,A,2017,3.587321,
FIN,EDUPUBEXP,PRY_NTRY,PC_GDP,A,2018,3.581897,
FIN,EDUPUBEXP,PRY_NTRY,PC_GDP,A,2019,3.699219,
FRA,EDUPUBEXP,PRY_NTRY,PC_GDP,A,2005,3.543367,
FRA,EDUPUBEXP,PRY_NTRY,PC_GDP,A,2008,3.450149,
FRA,EDUPUBEXP,PRY_NTRY,PC_GDP,A,2009,3.639756,
FRA,EDUPUBEXP,PRY_NTRY,PC_GDP,A,2010,3.59918,
FRA,EDUPUBEXP,PRY_NTRY,PC_GDP,A,2011,3.468539,
FRA,EDUPUBEXP,PRY_NTRY,PC_GDP,A,2012,3.443588,
FRA,EDUPUBEXP,PRY_NTRY,PC_GDP,A,2013,3.430057,
FRA,EDUPUBEXP,PRY_NTRY,PC_GDP,A,2014,3.432445,
FRA,EDUPUBEXP,PRY_NTRY,PC_GDP,A,2015,3.391426,
FRA,EDUPUBEXP,PRY_NTRY,PC_GDP,A,2016,3.371855,
FRA,EDUPUBEXP,PRY_NTRY,PC_GDP,A,2017,3.393905,
FRA,EDUPUBEXP,PRY_NTRY,PC_GDP,A,2018,3.362569,
FRA,EDUPUBEXP,PRY_NTRY,PC_GDP,A,2019,3.343979,
DEU,EDUPUBEXP,PRY_NTRY,PC_GDP,A,2005,2.835847,
DEU,EDUPUBEXP,PRY_NTRY,PC_GDP,A,2008,2.665563,
DEU,EDUPUBEXP,PRY_NTRY,PC_GDP,A,2010,2.912663,
DEU,EDUPUBEXP,PRY_NTRY,PC_GDP,A,2011,2.794813,
DEU,EDUPUBEXP,PRY_NTRY,PC_GDP,A,2012,2.72631,
DEU,EDUPUBEXP,PRY_NTRY,PC_GDP,A,2013,2.71073,
DEU,EDUPUBEXP,PRY_NTRY,PC_GDP,A,2014,2.678556,
DEU,EDUPUBEXP,PRY_NTRY,PC_GDP,A,2015,2.627931,
DEU,EDUPUBEXP,PRY_NTRY,PC_GDP,A,2016,2.600421,
DEU,EDUPUBEXP,PRY_NTRY,PC_GDP,A,2017,2.595507,
DEU,EDUPUBEXP,PRY_NTRY,PC_GDP,A,2018,2.627059,
DEU,EDUPUBEXP,PRY_NTRY,PC_GDP,A,2019,2.696143,
HUN,EDUPUBEXP,PRY_NTRY,PC_GDP,A,1995,2.190137,
HUN,EDUPUBEXP,PRY_NTRY,PC_GDP,A,2000,2.727646,
HUN,EDUPUBEXP,PRY_NTRY,PC_GDP,A,2005,3.209579,
HUN,EDUPUBEXP,PRY_NTRY,PC_GDP,A,2008,2.911124,
HUN,EDUPUBEXP,PRY_NTRY,PC_GDP,A,2009,2.843658,
HUN,EDUPUBEXP,PRY_NTRY,PC_GDP,A,2010,2.709625,
HUN,EDUPUBEXP,PRY_NTRY,PC_GDP,A,2011,1.547871,
HUN,EDUPUBEXP,PRY_NTRY,PC_GDP,A,2012,2.414888,
HUN,EDUPUBEXP,PRY_NTRY,PC_GDP,A,2013,2.302353,
HUN,EDUPUBEXP,PRY_NTRY,PC_GDP,A,2014,2.672514,
HUN,EDUPUBEXP,PRY_NTRY,PC_GDP,A,2015,2.62399,
HUN,EDUPUBEXP,PRY_NTRY,PC_GDP,A,2016,2.802775,
HUN,EDUPUBEXP,PRY_NTRY,PC_GDP,A,2017,2.606632,
HUN,EDUPUBEXP,PRY_NTRY,PC_GDP,A,2018,2.540324,
HUN,EDUPUBEXP,PRY_NTRY,PC_GDP,A,2019,2.433256,
ISL,EDUPUBEXP,PRY_NTRY,PC_GDP,A,2000,4.441985,
ISL,EDUPUBEXP,PRY_NTRY,PC_GDP,A,2005,4.982444,
ISL,EDUPUBEXP,PRY_NTRY,PC_GDP,A,2008,4.542077,
ISL,EDUPUBEXP,PRY_NTRY,PC_GDP,A,2009,4.578182,
ISL,EDUPUBEXP,PRY_NTRY,PC_GDP,A,2010,4.329823,
ISL,EDUPUBEXP,PRY_NTRY,PC_GDP,A,2011,4.380891,
ISL,EDUPUBEXP,PRY_NTRY,PC_GDP,A,2012,4.269856,
ISL,EDUPUBEXP,PRY_NTRY,PC_GDP,A,2013,4.193098,
ISL,EDUPUBEXP,PRY_NTRY,PC_GDP,A,2014,4.317773,
ISL,EDUPUBEXP,PRY_NTRY,PC_GDP,A,2015,4.226942,
ISL,EDUPUBEXP,PRY_NTRY,PC_GDP,A,2016,4.114561,
ISL,EDUPUBEXP,PRY_NTRY,PC_GDP,A,2017,4.317525,
ISL,EDUPUBEXP,PRY_NTRY,PC_GDP,A,2018,4.411713,
ISL,EDUPUBEXP,PRY_NTRY,PC_GDP,A,2019,4.343693,
IRL,EDUPUBEXP,PRY_NTRY,PC_GDP,A,1995,3.576549,
IRL,EDUPUBEXP,PRY_NTRY,PC_GDP,A,2000,2.722017,
IRL,EDUPUBEXP,PRY_NTRY,PC_GDP,A,2005,3.137049,
IRL,EDUPUBEXP,PRY_NTRY,PC_GDP,A,2008,3.872247,
IRL,EDUPUBEXP,PRY_NTRY,PC_GDP,A,2009,4.317081,
IRL,EDUPUBEXP,PRY_NTRY,PC_GDP,A,2010,4.275283,
IRL,EDUPUBEXP,PRY_NTRY,PC_GDP,A,2011,4.145709,
IRL,EDUPUBEXP,PRY_NTRY,PC_GDP,A,2012,4.12877,
IRL,EDUPUBEXP,PRY_NTRY,PC_GDP,A,2013,3.817123,
IRL,EDUPUBEXP,PRY_NTRY,PC_GDP,A,2014,3.502301,
IRL,EDUPUBEXP,PRY_NTRY,PC_GDP,A,2015,2.316574,
IRL,EDUPUBEXP,PRY_NTRY,PC_GDP,A,2016,2.308877,
IRL,EDUPUBEXP,PRY_NTRY,PC_GDP,A,2017,2.234758,
IRL,EDUPUBEXP,PRY_NTRY,PC_GDP,A,2018,2.168719,
IRL,EDUPUBEXP,PRY_NTRY,PC_GDP,A,2019,2.115561,
ITA,EDUPUBEXP,PRY_NTRY,PC_GDP,A,1995,3.465871,
ITA,EDUPUBEXP,PRY_NTRY,PC_GDP,A,2000,2.994462,
ITA,EDUPUBEXP,PRY_NTRY,PC_GDP,A,2005,3.017664,
ITA,EDUPUBEXP,PRY_NTRY,PC_GDP,A,2008,3.080864,
ITA,EDUPUBEXP,PRY_NTRY,PC_GDP,A,2009,3.158257,
ITA,EDUPUBEXP,PRY_NTRY,PC_GDP,A,2010,2.988701,
ITA,EDUPUBEXP,PRY_NTRY,PC_GDP,A,2011,2.820094,
ITA,EDUPUBEXP,PRY_NTRY,PC_GDP,A,2012,2.767916,
ITA,EDUPUBEXP,PRY_NTRY,PC_GDP,A,2013,2.823629,
ITA,EDUPUBEXP,PRY_NTRY,PC_GDP,A,2014,2.741861,
ITA,EDUPUBEXP,PRY_NTRY,PC_GDP,A,2015,2.774977,
ITA,EDUPUBEXP,PRY_NTRY,PC_GDP,A,2016,2.584027,
ITA,EDUPUBEXP,PRY_NTRY,PC_GDP,A,2017,2.769357,
ITA,EDUPUBEXP,PRY_NTRY,PC_GDP,A,2018,2.926598,
ITA,EDUPUBEXP,PRY_NTRY,PC_GDP,A,2019,2.761434,
JPN,EDUPUBEXP,PRY_NTRY,PC_GDP,A,2005,2.422402,
JPN,EDUPUBEXP,PRY_NTRY,PC_GDP,A,2010,2.650224,
JPN,EDUPUBEXP,PRY_NTRY,PC_GDP,A,2011,2.580729,
JPN,EDUPUBEXP,PRY_NTRY,PC_GDP,A,2012,2.613127,
JPN,EDUPUBEXP,PRY_NTRY,PC_GDP,A,2013,2.54827,
JPN,EDUPUBEXP,PRY_NTRY,PC_GDP,A,2014,2.576469,
JPN,EDUPUBEXP,PRY_NTRY,PC_GDP,A,2015,2.522271,
JPN,EDUPUBEXP,PRY_NTRY,PC_GDP,A,2016,2.416633,
JPN,EDUPUBEXP,PRY_NTRY,PC_GDP,A,2017,2.393908,
JPN,EDUPUBEXP,PRY_NTRY,PC_GDP,A,2018,2.34873,
JPN,EDUPUBEXP,PRY_NTRY,PC_GDP,A,2019,2.394859,
KOR,EDUPUBEXP,PRY_NTRY,PC_GDP,A,2015,3.046242,
KOR,EDUPUBEXP,PRY_NTRY,PC_GDP,A,2016,2.968813,
KOR,EDUPUBEXP,PRY_NTRY,PC_GDP,A,2017,3.031041,
KOR,EDUPUBEXP,PRY_NTRY,PC_GDP,A,2018,3.128792,
KOR,EDUPUBEXP,PRY_NTRY,PC_GDP,A,2019,3.385564,
LUX,EDUPUBEXP,PRY_NTRY,PC_GDP,A,2005,3.695874,
LUX,EDUPUBEXP,PRY_NTRY,PC_GDP,A,2009,3.574555,
LUX,EDUPUBEXP,PRY_NTRY,PC_GDP,A,2010,3.291983,
LUX,EDUPUBEXP,PRY_NTRY,PC_GDP,A,2011,3.157009,
LUX,EDUPUBEXP,PRY_NTRY,PC_GDP,A,2012,2.98298,
LUX,EDUPUBEXP,PRY_NTRY,PC_GDP,A,2013,2.617845,
LUX,EDUPUBEXP,PRY_NTRY,PC_GDP,A,2014,2.778427,
LUX,EDUPUBEXP,PRY_NTRY,PC_GDP,A,2015,2.688816,
LUX,EDUPUBEXP,PRY_NTRY,PC_GDP,A,2016,2.461399,
LUX,EDUPUBEXP,PRY_NTRY,PC_GDP,A,2017,2.536854,
LUX,EDUPUBEXP,PRY_NTRY,PC_GDP,A,2018,2.548102,
LUX,EDUPUBEXP,PRY_NTRY,PC_GDP,A,2019,2.717215,
MEX,EDUPUBEXP,PRY_NTRY,PC_GDP,A,1995,2.677171,
MEX,EDUPUBEXP,PRY_NTRY,PC_GDP,A,2000,2.700884,
MEX,EDUPUBEXP,PRY_NTRY,PC_GDP,A,2005,3.16913,
MEX,EDUPUBEXP,PRY_NTRY,PC_GDP,A,2008,2.99979,
MEX,EDUPUBEXP,PRY_NTRY,PC_GDP,A,2009,3.15824,
MEX,EDUPUBEXP,PRY_NTRY,PC_GDP,A,2010,3.220531,
MEX,EDUPUBEXP,PRY_NTRY,PC_GDP,A,2011,3.211515,
MEX,EDUPUBEXP,PRY_NTRY,PC_GDP,A,2012,3.159139,
MEX,EDUPUBEXP,PRY_NTRY,PC_GDP,A,2013,3.207956,
MEX,EDUPUBEXP,PRY_NTRY,PC_GDP,A,2014,3.187732,
MEX,EDUPUBEXP,PRY_NTRY,PC_GDP,A,2015,3.197432,
MEX,EDUPUBEXP,PRY_NTRY,PC_GDP,A,2016,3.010011,
MEX,EDUPUBEXP,PRY_NTRY,PC_GDP,A,2017,2.834662,
MEX,EDUPUBEXP,PRY_NTRY,PC_GDP,A,2018,2.622181,
MEX,EDUPUBEXP,PRY_NTRY,PC_GDP,A,2019,2.636233,
NLD,EDUPUBEXP,PRY_NTRY,PC_GDP,A,1995,2.647779,
NLD,EDUPUBEXP,PRY_NTRY,PC_GDP,A,2000,2.698587,
NLD,EDUPUBEXP,PRY_NTRY,PC_GDP,A,2005,3.090178,
NLD,EDUPUBEXP,PRY_NTRY,PC_GDP,A,2008,2.947598,
NLD,EDUPUBEXP,PRY_NTRY,PC_GDP,A,2009,3.282035,
NLD,EDUPUBEXP,PRY_NTRY,PC_GDP,A,2010,3.275288,
NLD,EDUPUBEXP,PRY_NTRY,PC_GDP,A,2011,3.192121,
NLD,EDUPUBEXP,PRY_NTRY,PC_GDP,A,2012,3.214088,
NLD,EDUPUBEXP,PRY_NTRY,PC_GDP,A,2013,3.27888,
NLD,EDUPUBEXP,PRY_NTRY,PC_GDP,A,2014,3.147402,
NLD,EDUPUBEXP,PRY_NTRY,PC_GDP,A,2015,3.145448,
NLD,EDUPUBEXP,PRY_NTRY,PC_GDP,A,2016,3.105544,
NLD,EDUPUBEXP,PRY_NTRY,PC_GDP,A,2017,3.030706,
NLD,EDUPUBEXP,PRY_NTRY,PC_GDP,A,2018,3.015791,
NLD,EDUPUBEXP,PRY_NTRY,PC_GDP,A,2019,2.95676,
NZL,EDUPUBEXP,PRY_NTRY,PC_GDP,A,2000,3.542292,
NZL,EDUPUBEXP,PRY_NTRY,PC_GDP,A,2005,3.639068,
NZL,EDUPUBEXP,PRY_NTRY,PC_GDP,A,2008,3.625737,
NZL,EDUPUBEXP,PRY_NTRY,PC_GDP,A,2009,3.756395,
NZL,EDUPUBEXP,PRY_NTRY,PC_GDP,A,2010,3.681476,
NZL,EDUPUBEXP,PRY_NTRY,PC_GDP,A,2011,3.523484,
NZL,EDUPUBEXP,PRY_NTRY,PC_GDP,A,2012,3.488179,
NZL,EDUPUBEXP,PRY_NTRY,PC_GDP,A,2013,3.323903,
NZL,EDUPUBEXP,PRY_NTRY,PC_GDP,A,2014,3.272439,
NZL,EDUPUBEXP,PRY_NTRY,PC_GDP,A,2015,3.229949,
NZL,EDUPUBEXP,PRY_NTRY,PC_GDP,A,2016,3.144871,
NZL,EDUPUBEXP,PRY_NTRY,PC_GDP,A,2017,3.022341,
NZL,EDUPUBEXP,PRY_NTRY,PC_GDP,A,2018,2.991346,
NZL,EDUPUBEXP,PRY_NTRY,PC_GDP,A,2019,3.02081,
NZL,EDUPUBEXP,PRY_NTRY,PC_GDP,A,2020,3.369233,
NOR,EDUPUBEXP,PRY_NTRY,PC_GDP,A,1995,4.916183,
NOR,EDUPUBEXP,PRY_NTRY,PC_GDP,A,2000,4.923635,
NOR,EDUPUBEXP,PRY_NTRY,PC_GDP,A,2005,4.891086,
NOR,EDUPUBEXP,PRY_NTRY,PC_GDP,A,2008,4.613819,
NOR,EDUPUBEXP,PRY_NTRY,PC_GDP,A,2009,4.99576,
NOR,EDUPUBEXP,PRY_NTRY,PC_GDP,A,2010,4.871195,
NOR,EDUPUBEXP,PRY_NTRY,PC_GDP,A,2011,4.739211,
NOR,EDUPUBEXP,PRY_NTRY,PC_GDP,A,2012,4.608714,
NOR,EDUPUBEXP,PRY_NTRY,PC_GDP,A,2013,4.69368,
NOR,EDUPUBEXP,PRY_NTRY,PC_GDP,A,2014,4.509178,
NOR,EDUPUBEXP,PRY_NTRY,PC_GDP,A,2015,4.624124,
NOR,EDUPUBEXP,PRY_NTRY,PC_GDP,A,2016,4.602994,
NOR,EDUPUBEXP,PRY_NTRY,PC_GDP,A,2017,4.654998,
NOR,EDUPUBEXP,PRY_NTRY,PC_GDP,A,2018,4.634337,
NOR,EDUPUBEXP,PRY_NTRY,PC_GDP,A,2019,4.586946,
POL,EDUPUBEXP,PRY_NTRY,PC_GDP,A,1995,3.472633,
POL,EDUPUBEXP,PRY_NTRY,PC_GDP,A,2000,3.622087,
POL,EDUPUBEXP,PRY_NTRY,PC_GDP,A,2005,3.641232,
POL,EDUPUBEXP,PRY_NTRY,PC_GDP,A,2008,3.388589,
POL,EDUPUBEXP,PRY_NTRY,PC_GDP,A,2009,3.37733,
POL,EDUPUBEXP,PRY_NTRY,PC_GDP,A,2010,3.356354,
POL,EDUPUBEXP,PRY_NTRY,PC_GDP,A,2011,3.156352,
POL,EDUPUBEXP,PRY_NTRY,PC_GDP,A,2012,3.116636,
POL,EDUPUBEXP,PRY_NTRY,PC_GDP,A,2013,3.084816,
POL,EDUPUBEXP,PRY_NTRY,PC_GDP,A,2014,3.054413,
POL,EDUPUBEXP,PRY_NTRY,PC_GDP,A,2015,2.926059,
POL,EDUPUBEXP,PRY_NTRY,PC_GDP,A,2016,2.888747,
POL,EDUPUBEXP,PRY_NTRY,PC_GDP,A,2017,2.762001,
POL,EDUPUBEXP,PRY_NTRY,PC_GDP,A,2018,2.796166,
POL,EDUPUBEXP,PRY_NTRY,PC_GDP,A,2019,2.78543,
PRT,EDUPUBEXP,PRY_NTRY,PC_GDP,A,1995,3.449872,
PRT,EDUPUBEXP,PRY_NTRY,PC_GDP,A,2000,3.71078,
PRT,EDUPUBEXP,PRY_NTRY,PC_GDP,A,2005,3.571123,
PRT,EDUPUBEXP,PRY_NTRY,PC_GDP,A,2008,3.263295,
PRT,EDUPUBEXP,PRY_NTRY,PC_GDP,A,2009,3.824104,
PRT,EDUPUBEXP,PRY_NTRY,PC_GDP,A,2010,3.739345,
PRT,EDUPUBEXP,PRY_NTRY,PC_GDP,A,2011,3.559069,
PRT,EDUPUBEXP,PRY_NTRY,PC_GDP,A,2012,3.544756,
PRT,EDUPUBEXP,PRY_NTRY,PC_GDP,A,2013,3.770219,
PRT,EDUPUBEXP,PRY_NTRY,PC_GDP,A,2014,3.59064,
PRT,EDUPUBEXP,PRY_NTRY,PC_GDP,A,2015,3.394184,
PRT,EDUPUBEXP,PRY_NTRY,PC_GDP,A,2016,3.358174,
PRT,EDUPUBEXP,PRY_NTRY,PC_GDP,A,2017,3.548018,
PRT,EDUPUBEXP,PRY_NTRY,PC_GDP,A,2018,3.314437,
PRT,EDUPUBEXP,PRY_NTRY,PC_GDP,A,2019,3.294551,
SVK,EDUPUBEXP,PRY_NTRY,PC_GDP,A,1995,2.968009,
SVK,EDUPUBEXP,PRY_NTRY,PC_GDP,A,2000,2.57638,
SVK,EDUPUBEXP,PRY_NTRY,PC_GDP,A,2005,2.406744,
SVK,EDUPUBEXP,PRY_NTRY,PC_GDP,A,2008,2.137078,
SVK,EDUPUBEXP,PRY_NTRY,PC_GDP,A,2009,2.511318,
SVK,EDUPUBEXP,PRY_NTRY,PC_GDP,A,2010,2.602295,
SVK,EDUPUBEXP,PRY_NTRY,PC_GDP,A,2011,2.374985,
SVK,EDUPUBEXP,PRY_NTRY,PC_GDP,A,2012,2.321115,
SVK,EDUPUBEXP,PRY_NTRY,PC_GDP,A,2013,2.417924,
SVK,EDUPUBEXP,PRY_NTRY,PC_GDP,A,2014,2.476076,
SVK,EDUPUBEXP,PRY_NTRY,PC_GDP,A,2015,2.522346,
SVK,EDUPUBEXP,PRY_NTRY,PC_GDP,A,2016,2.430861,
SVK,EDUPUBEXP,PRY_NTRY,PC_GDP,A,2017,2.470781,
SVK,EDUPUBEXP,PRY_NTRY,PC_GDP,A,2018,2.504912,
SVK,EDUPUBEXP,PRY_NTRY,PC_GDP,A,2019,2.724677,
ESP,EDUPUBEXP,PRY_NTRY,PC_GDP,A,1995,3.267432,
ESP,EDUPUBEXP,PRY_NTRY,PC_GDP,A,2000,2.869314,
ESP,EDUPUBEXP,PRY_NTRY,PC_GDP,A,2005,2.659401,
ESP,EDUPUBEXP,PRY_NTRY,PC_GDP,A,2008,2.801687,
ESP,EDUPUBEXP,PRY_NTRY,PC_GDP,A,2009,3.025461,
ESP,EDUPUBEXP,PRY_NTRY,PC_GDP,A,2010,2.966595,
ESP,EDUPUBEXP,PRY_NTRY,PC_GDP,A,2011,2.898799,
ESP,EDUPUBEXP,PRY_NTRY,PC_GDP,A,2012,2.769789,
ESP,EDUPUBEXP,PRY_NTRY,PC_GDP,A,2013,2.69327,
ESP,EDUPUBEXP,PRY_NTRY,PC_GDP,A,2014,2.653048,
ESP,EDUPUBEXP,PRY_NTRY,PC_GDP,A,2015,2.662205,
ESP,EDUPUBEXP,PRY_NTRY,PC_GDP,A,2016,2.657864,
ESP,EDUPUBEXP,PRY_NTRY,PC_GDP,A,2017,2.630945,
ESP,EDUPUBEXP,PRY_NTRY,PC_GDP,A,2018,2.612632,
ESP,EDUPUBEXP,PRY_NTRY,PC_GDP,A,2019,2.649211,
SWE,EDUPUBEXP,PRY_NTRY,PC_GDP,A,1995,3.837006,
SWE,EDUPUBEXP,PRY_NTRY,PC_GDP,A,2000,3.968522,
SWE,EDUPUBEXP,PRY_NTRY,PC_GDP,A,2005,3.961775,
SWE,EDUPUBEXP,PRY_NTRY,PC_GDP,A,2008,3.794719,
SWE,EDUPUBEXP,PRY_NTRY,PC_GDP,A,2009,3.920606,
SWE,EDUPUBEXP,PRY_NTRY,PC_GDP,A,2010,3.718517,
SWE,EDUPUBEXP,PRY_NTRY,PC_GDP,A,2011,3.615736,
SWE,EDUPUBEXP,PRY_NTRY,PC_GDP,A,2012,3.649807,
SWE,EDUPUBEXP,PRY_NTRY,PC_GDP,A,2013,3.651597,
SWE,EDUPUBEXP,PRY_NTRY,PC_GDP,A,2014,3.62883,
SWE,EDUPUBEXP,PRY_NTRY,PC_GDP,A,2015,3.594253,
SWE,EDUPUBEXP,PRY_NTRY,PC_GDP,A,2016,3.772745,
SWE,EDUPUBEXP,PRY_NTRY,PC_GDP,A,2017,3.864597,
SWE,EDUPUBEXP,PRY_NTRY,PC_GDP,A,2018,3.971727,
SWE,EDUPUBEXP,PRY_NTRY,PC_GDP,A,2019,3.936347,
CHE,EDUPUBEXP,PRY_NTRY,PC_GDP,A,1995,2.636232,
CHE,EDUPUBEXP,PRY_NTRY,PC_GDP,A,2000,3.214818,
CHE,EDUPUBEXP,PRY_NTRY,PC_GDP,A,2005,3.371132,
CHE,EDUPUBEXP,PRY_NTRY,PC_GDP,A,2008,2.996445,
CHE,EDUPUBEXP,PRY_NTRY,PC_GDP,A,2009,3.18012,
CHE,EDUPUBEXP,PRY_NTRY,PC_GDP,A,2010,3.091497,
CHE,EDUPUBEXP,PRY_NTRY,PC_GDP,A,2011,3.102449,
CHE,EDUPUBEXP,PRY_NTRY,PC_GDP,A,2012,3.274699,
CHE,EDUPUBEXP,PRY_NTRY,PC_GDP,A,2013,3.295736,
CHE,EDUPUBEXP,PRY_NTRY,PC_GDP,A,2014,3.23825,
CHE,EDUPUBEXP,PRY_NTRY,PC_GDP,A,2015,3.127219,
CHE,EDUPUBEXP,PRY_NTRY,PC_GDP,A,2016,3.132203,
CHE,EDUPUBEXP,PRY_NTRY,PC_GDP,A,2017,3.121647,
GBR,EDUPUBEXP,PRY_NTRY,PC_GDP,A,2000,2.911449,
GBR,EDUPUBEXP,PRY_NTRY,PC_GDP,A,2005,3.408118,
GBR,EDUPUBEXP,PRY_NTRY,PC_GDP,A,2008,2.981682,
GBR,EDUPUBEXP,PRY_NTRY,PC_GDP,A,2009,3.176079,
GBR,EDUPUBEXP,PRY_NTRY,PC_GDP,A,2010,3.392763,
GBR,EDUPUBEXP,PRY_NTRY,PC_GDP,A,2011,3.706375,
GBR,EDUPUBEXP,PRY_NTRY,PC_GDP,A,2012,3.676614,
GBR,EDUPUBEXP,PRY_NTRY,PC_GDP,A,2013,4.009199,
GBR,EDUPUBEXP,PRY_NTRY,PC_GDP,A,2014,4.163115,
GBR,EDUPUBEXP,PRY_NTRY,PC_GDP,A,2015,3.815567,
GBR,EDUPUBEXP,PRY_NTRY,PC_GDP,A,2016,3.662235,
GBR,EDUPUBEXP,PRY_NTRY,PC_GDP,A,2017,3.596255,
GBR,EDUPUBEXP,PRY_NTRY,PC_GDP,A,2018,3.372756,
GBR,EDUPUBEXP,PRY_NTRY,PC_GDP,A,2019,3.412795,
USA,EDUPUBEXP,PRY_NTRY,PC_GDP,A,2000,3.380147,
USA,EDUPUBEXP,PRY_NTRY,PC_GDP,A,2005,3.47042,
USA,EDUPUBEXP,PRY_NTRY,PC_GDP,A,2008,3.590688,
USA,EDUPUBEXP,PRY_NTRY,PC_GDP,A,2009,3.646746,
USA,EDUPUBEXP,PRY_NTRY,PC_GDP,A,2010,3.587756,
USA,EDUPUBEXP,PRY_NTRY,PC_GDP,A,2011,3.436426,
USA,EDUPUBEXP,PRY_NTRY,PC_GDP,A,2012,3.289182,
USA,EDUPUBEXP,PRY_NTRY,PC_GDP,A,2013,3.202607,
USA,EDUPUBEXP,PRY_NTRY,PC_GDP,A,2014,3.175277,
USA,EDUPUBEXP,PRY_NTRY,PC_GDP,A,2015,3.188267,
USA,EDUPUBEXP,PRY_NTRY,PC_GDP,A,2016,3.220155,
USA,EDUPUBEXP,PRY_NTRY,PC_GDP,A,2017,3.24928,
USA,EDUPUBEXP,PRY_NTRY,PC_GDP,A,2018,3.221688,
USA,EDUPUBEXP,PRY_NTRY,PC_GDP,A,2019,3.216036,
BRA,EDUPUBEXP,PRY_NTRY,PC_GDP,A,1995,2.36385,
BRA,EDUPUBEXP,PRY_NTRY,PC_GDP,A,2000,2.400363,
BRA,EDUPUBEXP,PRY_NTRY,PC_GDP,A,2005,3.197012,
BRA,EDUPUBEXP,PRY_NTRY,PC_GDP,A,2008,3.95846,
BRA,EDUPUBEXP,PRY_NTRY,PC_GDP,A,2009,4.129032,
BRA,EDUPUBEXP,PRY_NTRY,PC_GDP,A,2010,4.021223,
BRA,EDUPUBEXP,PRY_NTRY,PC_GDP,A,2011,4.183313,
BRA,EDUPUBEXP,PRY_NTRY,PC_GDP,A,2012,4.16751,
BRA,EDUPUBEXP,PRY_NTRY,PC_GDP,A,2013,4.151693,
BRA,EDUPUBEXP,PRY_NTRY,PC_GDP,A,2014,4.0216,
BRA,EDUPUBEXP,PRY_NTRY,PC_GDP,A,2015,4.064267,
BRA,EDUPUBEXP,PRY_NTRY,PC_GDP,A,2016,4.112799,
BRA,EDUPUBEXP,PRY_NTRY,PC_GDP,A,2017,3.975799,
BRA,EDUPUBEXP,PRY_NTRY,PC_GDP,A,2018,3.90078,
CHL,EDUPUBEXP,PRY_NTRY,PC_GDP,A,1995,1.952217,
CHL,EDUPUBEXP,PRY_NTRY,PC_GDP,A,2000,2.906001,
CHL,EDUPUBEXP,PRY_NTRY,PC_GDP,A,2005,2.487712,
CHL,EDUPUBEXP,PRY_NTRY,PC_GDP,A,2008,2.802425,
CHL,EDUPUBEXP,PRY_NTRY,PC_GDP,A,2009,3.013989,
CHL,EDUPUBEXP,PRY_NTRY,PC_GDP,A,2010,2.655857,
CHL,EDUPUBEXP,PRY_NTRY,PC_GDP,A,2011,2.621308,
CHL,EDUPUBEXP,PRY_NTRY,PC_GDP,A,2012,2.929671,
CHL,EDUPUBEXP,PRY_NTRY,PC_GDP,A,2013,2.635662,
CHL,EDUPUBEXP,PRY_NTRY,PC_GDP,A,2014,2.455717,
CHL,EDUPUBEXP,PRY_NTRY,PC_GDP,A,2015,2.615236,
CHL,EDUPUBEXP,PRY_NTRY,PC_GDP,A,2016,2.981299,
CHL,EDUPUBEXP,PRY_NTRY,PC_GDP,A,2017,2.993392,
CHL,EDUPUBEXP,PRY_NTRY,PC_GDP,A,2018,3.001412,
CHL,EDUPUBEXP,PRY_NTRY,PC_GDP,A,2019,3.12007,
EST,EDUPUBEXP,PRY_NTRY,PC_GDP,A,1995,4.035519,
EST,EDUPUBEXP,PRY_NTRY,PC_GDP,A,2000,3.861327,
EST,EDUPUBEXP,PRY_NTRY,PC_GDP,A,2005,3.373269,
EST,EDUPUBEXP,PRY_NTRY,PC_GDP,A,2008,3.724383,
EST,EDUPUBEXP,PRY_NTRY,PC_GDP,A,2009,4.026403,
EST,EDUPUBEXP,PRY_NTRY,PC_GDP,A,2010,3.7477,
EST,EDUPUBEXP,PRY_NTRY,PC_GDP,A,2011,3.239097,
EST,EDUPUBEXP,PRY_NTRY,PC_GDP,A,2012,3.149691,
EST,EDUPUBEXP,PRY_NTRY,PC_GDP,A,2013,3.097016,
EST,EDUPUBEXP,PRY_NTRY,PC_GDP,A,2014,2.61887,
EST,EDUPUBEXP,PRY_NTRY,PC_GDP,A,2015,2.711455,
EST,EDUPUBEXP,PRY_NTRY,PC_GDP,A,2016,2.69122,
EST,EDUPUBEXP,PRY_NTRY,PC_GDP,A,2017,2.762699,
EST,EDUPUBEXP,PRY_NTRY,PC_GDP,A,2018,2.967223,
EST,EDUPUBEXP,PRY_NTRY,PC_GDP,A,2019,3.052532,
IND,EDUPUBEXP,PRY_NTRY,PC_GDP,A,2000,3.207488,
IND,EDUPUBEXP,PRY_NTRY,PC_GDP,A,2005,2.242242,
IND,EDUPUBEXP,PRY_NTRY,PC_GDP,A,2009,1.790854,
IND,EDUPUBEXP,PRY_NTRY,PC_GDP,A,2010,1.78612,
IND,EDUPUBEXP,PRY_NTRY,PC_GDP,A,2011,2.116583,
IND,EDUPUBEXP,PRY_NTRY,PC_GDP,A,2012,2.247851,
IND,EDUPUBEXP,PRY_NTRY,PC_GDP,A,2013,2.362807,
IND,EDUPUBEXP,PRY_NTRY,PC_GDP,A,2020,2.944769,
IDN,EDUPUBEXP,PRY_NTRY,PC_GDP,A,2008,1.93772,
IDN,EDUPUBEXP,PRY_NTRY,PC_GDP,A,2009,2.38484,
IDN,EDUPUBEXP,PRY_NTRY,PC_GDP,A,2010,1.907982,
IDN,EDUPUBEXP,PRY_NTRY,PC_GDP,A,2012,2.287771,
IDN,EDUPUBEXP,PRY_NTRY,PC_GDP,A,2013,2.269749,
IDN,EDUPUBEXP,PRY_NTRY,PC_GDP,A,2014,2.289216,
IDN,EDUPUBEXP,PRY_NTRY,PC_GDP,A,2015,2.491962,
ISR,EDUPUBEXP,PRY_NTRY,PC_GDP,A,1995,4.350853,
ISR,EDUPUBEXP,PRY_NTRY,PC_GDP,A,2000,3.970661,
ISR,EDUPUBEXP,PRY_NTRY,PC_GDP,A,2005,3.529046,
ISR,EDUPUBEXP,PRY_NTRY,PC_GDP,A,2008,3.645247,
ISR,EDUPUBEXP,PRY_NTRY,PC_GDP,A,2009,3.522412,
ISR,EDUPUBEXP,PRY_NTRY,PC_GDP,A,2010,3.65092,
ISR,EDUPUBEXP,PRY_NTRY,PC_GDP,A,2011,3.737796,
ISR,EDUPUBEXP,PRY_NTRY,PC_GDP,A,2012,4.051437,
ISR,EDUPUBEXP,PRY_NTRY,PC_GDP,A,2013,3.994098,
ISR,EDUPUBEXP,PRY_NTRY,PC_GDP,A,2014,3.966965,
ISR,EDUPUBEXP,PRY_NTRY,PC_GDP,A,2015,4.016361,
ISR,EDUPUBEXP,PRY_NTRY,PC_GDP,A,2016,4.028859,
ISR,EDUPUBEXP,PRY_NTRY,PC_GDP,A,2017,4.190122,
ISR,EDUPUBEXP,PRY_NTRY,PC_GDP,A,2018,4.296573,
ISR,EDUPUBEXP,PRY_NTRY,PC_GDP,A,2019,4.272414,
RUS,EDUPUBEXP,PRY_NTRY,PC_GDP,A,2008,1.869019,
RUS,EDUPUBEXP,PRY_NTRY,PC_GDP,A,2009,2.139666,
RUS,EDUPUBEXP,PRY_NTRY,PC_GDP,A,2010,1.853569,
RUS,EDUPUBEXP,PRY_NTRY,PC_GDP,A,2011,2.644428,
RUS,EDUPUBEXP,PRY_NTRY,PC_GDP,A,2012,2.017136,
RUS,EDUPUBEXP,PRY_NTRY,PC_GDP,A,2013,2.048601,
RUS,EDUPUBEXP,PRY_NTRY,PC_GDP,A,2014,1.948808,
RUS,EDUPUBEXP,PRY_NTRY,PC_GDP,A,2015,1.846277,
RUS,EDUPUBEXP,PRY_NTRY,PC_GDP,A,2016,1.871671,
RUS,EDUPUBEXP,PRY_NTRY,PC_GDP,A,2017,2.302651,
RUS,EDUPUBEXP,PRY_NTRY,PC_GDP,A,2018,2.276071,
SVN,EDUPUBEXP,PRY_NTRY,PC_GDP,A,2005,3.741037,
SVN,EDUPUBEXP,PRY_NTRY,PC_GDP,A,2008,3.312609,
SVN,EDUPUBEXP,PRY_NTRY,PC_GDP,A,2009,3.520156,
SVN,EDUPUBEXP,PRY_NTRY,PC_GDP,A,2010,3.489394,
SVN,EDUPUBEXP,PRY_NTRY,PC_GDP,A,2011,3.381269,
SVN,EDUPUBEXP,PRY_NTRY,PC_GDP,A,2012,3.342652,
SVN,EDUPUBEXP,PRY_NTRY,PC_GDP,A,2013,3.27375,
SVN,EDUPUBEXP,PRY_NTRY,PC_GDP,A,2014,3.15374,
SVN,EDUPUBEXP,PRY_NTRY,PC_GDP,A,2015,2.953491,
SVN,EDUPUBEXP,PRY_NTRY,PC_GDP,A,2016,2.908733,
SVN,EDUPUBEXP,PRY_NTRY,PC_GDP,A,2017,2.896781,
SVN,EDUPUBEXP,PRY_NTRY,PC_GDP,A,2018,2.856948,
SVN,EDUPUBEXP,PRY_NTRY,PC_GDP,A,2019,2.835706,
ZAF,EDUPUBEXP,PRY_NTRY,PC_GDP,A,2017,4.061841,
ZAF,EDUPUBEXP,PRY_NTRY,PC_GDP,A,2018,4.148211,
ZAF,EDUPUBEXP,PRY_NTRY,PC_GDP,A,2019,4.287914,
ZAF,EDUPUBEXP,PRY_NTRY,PC_GDP,A,2020,5.321553,
AUS,EDUPUBEXP,PRY_TRY,PC_GDP,A,2000,3.889626,
AUS,EDUPUBEXP,PRY_TRY,PC_GDP,A,2005,3.916538,
AUS,EDUPUBEXP,PRY_TRY,PC_GDP,A,2008,3.86089,
AUS,EDUPUBEXP,PRY_TRY,PC_GDP,A,2009,4.29637,
AUS,EDUPUBEXP,PRY_TRY,PC_GDP,A,2010,4.569814,
AUS,EDUPUBEXP,PRY_TRY,PC_GDP,A,2011,4.234427,
AUS,EDUPUBEXP,PRY_TRY,PC_GDP,A,2012,4.015288,
AUS,EDUPUBEXP,PRY_TRY,PC_GDP,A,2013,3.976866,
AUS,EDUPUBEXP,PRY_TRY,PC_GDP,A,2014,3.924402,
AUS,EDUPUBEXP,PRY_TRY,PC_GDP,A,2015,3.95114,
AUS,EDUPUBEXP,PRY_TRY,PC_GDP,A,2016,3.948953,
AUS,EDUPUBEXP,PRY_TRY,PC_GDP,A,2017,3.959786,
AUS,EDUPUBEXP,PRY_TRY,PC_GDP,A,2018,3.964045,
AUS,EDUPUBEXP,PRY_TRY,PC_GDP,A,2019,4.068088,
AUT,EDUPUBEXP,PRY_TRY,PC_GDP,A,2012,4.655299,
AUT,EDUPUBEXP,PRY_TRY,PC_GDP,A,2013,4.71577,
AUT,EDUPUBEXP,PRY_TRY,PC_GDP,A,2014,4.594504,
AUT,EDUPUBEXP,PRY_TRY,PC_GDP,A,2015,4.614255,
AUT,EDUPUBEXP,PRY_TRY,PC_GDP,A,2016,4.619664,
AUT,EDUPUBEXP,PRY_TRY,PC_GDP,A,2017,4.501811,
AUT,EDUPUBEXP,PRY_TRY,PC_GDP,A,2018,4.37799,
AUT,EDUPUBEXP,PRY_TRY,PC_GDP,A,2019,4.353996,
BEL,EDUPUBEXP,PRY_TRY,PC_GDP,A,2005,4.972468,
BEL,EDUPUBEXP,PRY_TRY,PC_GDP,A,2008,5.272067,
BEL,EDUPUBEXP,PRY_TRY,PC_GDP,A,2009,5.37848,
BEL,EDUPUBEXP,PRY_TRY,PC_GDP,A,2010,5.350644,
BEL,EDUPUBEXP,PRY_TRY,PC_GDP,A,2011,5.344074,
BEL,EDUPUBEXP,PRY_TRY,PC_GDP,A,2012,5.415275,
BEL,EDUPUBEXP,PRY_TRY,PC_GDP,A,2013,5.460614,
BEL,EDUPUBEXP,PRY_TRY,PC_GDP,A,2014,5.38866,
BEL,EDUPUBEXP,PRY_TRY,PC_GDP,A,2015,5.274794,
BEL,EDUPUBEXP,PRY_TRY,PC_GDP,A,2016,5.275895,
BEL,EDUPUBEXP,PRY_TRY,PC_GDP,A,2017,5.263385,
BEL,EDUPUBEXP,PRY_TRY,PC_GDP,A,2018,5.244929,
BEL,EDUPUBEXP,PRY_TRY,PC_GDP,A,2019,5.188996,
CAN,EDUPUBEXP,PRY_TRY,PC_GDP,A,2000,4.683004,
CAN,EDUPUBEXP,PRY_TRY,PC_GDP,A,2005,4.444576,
CAN,EDUPUBEXP,PRY_TRY,PC_GDP,A,2008,4.73495,
CAN,EDUPUBEXP,PRY_TRY,PC_GDP,A,2009,4.805351,
CAN,EDUPUBEXP,PRY_TRY,PC_GDP,A,2010,5.118048,
CAN,EDUPUBEXP,PRY_TRY,PC_GDP,A,2011,4.840515,
CAN,EDUPUBEXP,PRY_TRY,PC_GDP,A,2012,4.66586,
CAN,EDUPUBEXP,PRY_TRY,PC_GDP,A,2013,4.546308,
CAN,EDUPUBEXP,PRY_TRY,PC_GDP,A,2014,4.435915,
CAN,EDUPUBEXP,PRY_TRY,PC_GDP,A,2015,4.369971,
CAN,EDUPUBEXP,PRY_TRY,PC_GDP,A,2016,4.509711,
CAN,EDUPUBEXP,PRY_TRY,PC_GDP,A,2017,4.507942,
CAN,EDUPUBEXP,PRY_TRY,PC_GDP,A,2018,4.441295,
CAN,EDUPUBEXP,PRY_TRY,PC_GDP,A,2019,4.359075,
CZE,EDUPUBEXP,PRY_TRY,PC_GDP,A,1995,3.495439,
CZE,EDUPUBEXP,PRY_TRY,PC_GDP,A,2000,2.980452,
CZE,EDUPUBEXP,PRY_TRY,PC_GDP,A,2005,3.234416,
CZE,EDUPUBEXP,PRY_TRY,PC_GDP,A,2008,3.110877,
CZE,EDUPUBEXP,PRY_TRY,PC_GDP,A,2009,3.426698,
CZE,EDUPUBEXP,PRY_TRY,PC_GDP,A,2010,3.316549,
CZE,EDUPUBEXP,PRY_TRY,PC_GDP,A,2011,3.531069,
CZE,EDUPUBEXP,PRY_TRY,PC_GDP,A,2012,3.457679,
CZE,EDUPUBEXP,PRY_TRY,PC_GDP,A,2013,3.267575,
CZE,EDUPUBEXP,PRY_TRY,PC_GDP,A,2014,3.168767,
CZE,EDUPUBEXP,PRY_TRY,PC_GDP,A,2015,3.159413,
CZE,EDUPUBEXP,PRY_TRY,PC_GDP,A,2016,2.963095,
CZE,EDUPUBEXP,PRY_TRY,PC_GDP,A,2017,3.118059,
CZE,EDUPUBEXP,PRY_TRY,PC_GDP,A,2018,3.594657,
CZE,EDUPUBEXP,PRY_TRY,PC_GDP,A,2019,3.841881,
DNK,EDUPUBEXP,PRY_TRY,PC_GDP,A,1995,5.412151,
DNK,EDUPUBEXP,PRY_TRY,PC_GDP,A,2000,5.403827,
DNK,EDUPUBEXP,PRY_TRY,PC_GDP,A,2005,5.869035,
DNK,EDUPUBEXP,PRY_TRY,PC_GDP,A,2008,5.550194,
DNK,EDUPUBEXP,PRY_TRY,PC_GDP,A,2009,6.20696,
DNK,EDUPUBEXP,PRY_TRY,PC_GDP,A,2010,6.240932,
DNK,EDUPUBEXP,PRY_TRY,PC_GDP,A,2011,5.829673,
DNK,EDUPUBEXP,PRY_TRY,PC_GDP,A,2012,5.982242,
DNK,EDUPUBEXP,PRY_TRY,PC_GDP,A,2013,5.985757,
DNK,EDUPUBEXP,PRY_TRY,PC_GDP,A,2014,6.236617,
DNK,EDUPUBEXP,PRY_TRY,PC_GDP,A,2016,5.382693,
DNK,EDUPUBEXP,PRY_TRY,PC_GDP,A,2017,5.059807,
DNK,EDUPUBEXP,PRY_TRY,PC_GDP,A,2018,4.985753,
DNK,EDUPUBEXP,PRY_TRY,PC_GDP,A,2019,4.914449,
FIN,EDUPUBEXP,PRY_TRY,PC_GDP,A,1995,5.723143,
FIN,EDUPUBEXP,PRY_TRY,PC_GDP,A,2000,5.044894,
FIN,EDUPUBEXP,PRY_TRY,PC_GDP,A,2005,5.249748,
FIN,EDUPUBEXP,PRY_TRY,PC_GDP,A,2008,5.094926,
FIN,EDUPUBEXP,PRY_TRY,PC_GDP,A,2009,5.602368,
FIN,EDUPUBEXP,PRY_TRY,PC_GDP,A,2010,5.664453,
FIN,EDUPUBEXP,PRY_TRY,PC_GDP,A,2011,5.633878,
FIN,EDUPUBEXP,PRY_TRY,PC_GDP,A,2012,5.582862,
FIN,EDUPUBEXP,PRY_TRY,PC_GDP,A,2013,5.537882,
FIN,EDUPUBEXP,PRY_TRY,PC_GDP,A,2014,5.517635,
FIN,EDUPUBEXP,PRY_TRY,PC_GDP,A,2015,5.528722,
FIN,EDUPUBEXP,PRY_TRY,PC_GDP,A,2016,5.357147,
FIN,EDUPUBEXP,PRY_TRY,PC_GDP,A,2017,5.022893,
FIN,EDUPUBEXP,PRY_TRY,PC_GDP,A,2018,4.978864,
FIN,EDUPUBEXP,PRY_TRY,PC_GDP,A,2019,5.071212,
FRA,EDUPUBEXP,PRY_TRY,PC_GDP,A,2005,4.615905,
FRA,EDUPUBEXP,PRY_TRY,PC_GDP,A,2008,4.571371,
FRA,EDUPUBEXP,PRY_TRY,PC_GDP,A,2009,4.850231,
FRA,EDUPUBEXP,PRY_TRY,PC_GDP,A,2010,4.78763,
FRA,EDUPUBEXP,PRY_TRY,PC_GDP,A,2011,4.625474,
FRA,EDUPUBEXP,PRY_TRY,PC_GDP,A,2012,4.575379,
FRA,EDUPUBEXP,PRY_TRY,PC_GDP,A,2013,4.569016,
FRA,EDUPUBEXP,PRY_TRY,PC_GDP,A,2014,4.572463,
FRA,EDUPUBEXP,PRY_TRY,PC_GDP,A,2015,4.529792,
FRA,EDUPUBEXP,PRY_TRY,PC_GDP,A,2016,4.486509,
FRA,EDUPUBEXP,PRY_TRY,PC_GDP,A,2017,4.513451,
FRA,EDUPUBEXP,PRY_TRY,PC_GDP,A,2018,4.486246,
FRA,EDUPUBEXP,PRY_TRY,PC_GDP,A,2019,4.456799,
DEU,EDUPUBEXP,PRY_TRY,PC_GDP,A,2005,3.717303,
DEU,EDUPUBEXP,PRY_TRY,PC_GDP,A,2008,3.59147,
DEU,EDUPUBEXP,PRY_TRY,PC_GDP,A,2010,3.933884,
DEU,EDUPUBEXP,PRY_TRY,PC_GDP,A,2011,3.826335,
DEU,EDUPUBEXP,PRY_TRY,PC_GDP,A,2012,3.756993,
DEU,EDUPUBEXP,PRY_TRY,PC_GDP,A,2013,3.736653,
DEU,EDUPUBEXP,PRY_TRY,PC_GDP,A,2014,3.712454,
DEU,EDUPUBEXP,PRY_TRY,PC_GDP,A,2015,3.64615,
DEU,EDUPUBEXP,PRY_TRY,PC_GDP,A,2016,3.614832,
DEU,EDUPUBEXP,PRY_TRY,PC_GDP,A,2017,3.603547,
DEU,EDUPUBEXP,PRY_TRY,PC_GDP,A,2018,3.658774,
DEU,EDUPUBEXP,PRY_TRY,PC_GDP,A,2019,3.734666,
GRC,EDUPUBEXP,TRY,PC_GDP,A,1995,0.5477193,
GRC,EDUPUBEXP,TRY,PC_GDP,A,2000,0.7404221,
GRC,EDUPUBEXP,TRY,PC_GDP,A,2005,1.410617,
GRC,EDUPUBEXP,TRY,PC_GDP,A,2012,0.7546847,
GRC,EDUPUBEXP,TRY,PC_GDP,A,2013,0.6514475,
GRC,EDUPUBEXP,TRY,PC_GDP,A,2014,0.649518,
GRC,EDUPUBEXP,TRY,PC_GDP,A,2015,0.7247896,
GRC,EDUPUBEXP,TRY,PC_GDP,A,2016,0.629473,
GRC,EDUPUBEXP,TRY,PC_GDP,A,2017,0.6232421,
GRC,EDUPUBEXP,TRY,PC_GDP,A,2018,0.6626816,
GRC,EDUPUBEXP,TRY,PC_GDP,A,2019,0.6959597,
GRC,EDUPUBEXP,PRY_NTRY,PC_GDP,A,1995,1.88971,
GRC,EDUPUBEXP,PRY_NTRY,PC_GDP,A,2000,2.348481,
GRC,EDUPUBEXP,PRY_NTRY,PC_GDP,A,2005,2.529222,
GRC,EDUPUBEXP,PRY_NTRY,PC_GDP,A,2012,2.669987,
GRC,EDUPUBEXP,PRY_NTRY,PC_GDP,A,2013,2.658278,
GRC,EDUPUBEXP,PRY_NTRY,PC_GDP,A,2014,2.678181,
GRC,EDUPUBEXP,PRY_NTRY,PC_GDP,A,2015,2.635396,
GRC,EDUPUBEXP,PRY_NTRY,PC_GDP,A,2016,2.631113,
GRC,EDUPUBEXP,PRY_NTRY,PC_GDP,A,2017,2.56154,
GRC,EDUPUBEXP,PRY_NTRY,PC_GDP,A,2018,2.63378,
GRC,EDUPUBEXP,PRY_NTRY,PC_GDP,A,2019,2.585999,
GRC,EDUPUBEXP,PRY_TRY,PC_GDP,A,1995,2.43743,
GRC,EDUPUBEXP,PRY_TRY,PC_GDP,A,2000,3.088903,
GRC,EDUPUBEXP,PRY_TRY,PC_GDP,A,2005,3.939839,
GRC,EDUPUBEXP,PRY_TRY,PC_GDP,A,2012,3.424672,
GRC,EDUPUBEXP,PRY_TRY,PC_GDP,A,2013,3.309725,
GRC,EDUPUBEXP,PRY_TRY,PC_GDP,A,2014,3.327699,
GRC,EDUPUBEXP,PRY_TRY,PC_GDP,A,2015,3.360186,
GRC,EDUPUBEXP,PRY_TRY,PC_GDP,A,2016,3.260586,
GRC,EDUPUBEXP,PRY_TRY,PC_GDP,A,2017,3.184782,
GRC,EDUPUBEXP,PRY_TRY,PC_GDP,A,2018,3.296461,
GRC,EDUPUBEXP,PRY_TRY,PC_GDP,A,2019,3.281959,
HUN,EDUPUBEXP,PRY_TRY,PC_GDP,A,1995,2.96814,
HUN,EDUPUBEXP,PRY_TRY,PC_GDP,A,2000,3.574311,
HUN,EDUPUBEXP,PRY_TRY,PC_GDP,A,2005,4.056795,
HUN,EDUPUBEXP,PRY_TRY,PC_GDP,A,2008,3.76234,
HUN,EDUPUBEXP,PRY_TRY,PC_GDP,A,2009,3.777211,
HUN,EDUPUBEXP,PRY_TRY,PC_GDP,A,2010,3.523143,
HUN,EDUPUBEXP,PRY_TRY,PC_GDP,A,2011,2.482926,
HUN,EDUPUBEXP,PRY_TRY,PC_GDP,A,2012,3.084478,
HUN,EDUPUBEXP,PRY_TRY,PC_GDP,A,2013,3.080096,
HUN,EDUPUBEXP,PRY_TRY,PC_GDP,A,2014,3.323087,
HUN,EDUPUBEXP,PRY_TRY,PC_GDP,A,2015,3.169495,
HUN,EDUPUBEXP,PRY_TRY,PC_GDP,A,2016,3.463111,
HUN,EDUPUBEXP,PRY_TRY,PC_GDP,A,2017,3.310075,
HUN,EDUPUBEXP,PRY_TRY,PC_GDP,A,2018,3.263033,
HUN,EDUPUBEXP,PRY_TRY,PC_GDP,A,2019,3.055845,
ISL,EDUPUBEXP,PRY_TRY,PC_GDP,A,2000,5.376549,
ISL,EDUPUBEXP,PRY_TRY,PC_GDP,A,2005,6.061954,
ISL,EDUPUBEXP,PRY_TRY,PC_GDP,A,2008,5.616982,
ISL,EDUPUBEXP,PRY_TRY,PC_GDP,A,2009,5.679109,
ISL,EDUPUBEXP,PRY_TRY,PC_GDP,A,2010,5.358108,
ISL,EDUPUBEXP,PRY_TRY,PC_GDP,A,2011,5.354278,
ISL,EDUPUBEXP,PRY_TRY,PC_GDP,A,2012,5.37611,
ISL,EDUPUBEXP,PRY_TRY,PC_GDP,A,2013,5.27351,
ISL,EDUPUBEXP,PRY_TRY,PC_GDP,A,2014,5.41904,
ISL,EDUPUBEXP,PRY_TRY,PC_GDP,A,2015,5.332742,
ISL,EDUPUBEXP,PRY_TRY,PC_GDP,A,2016,5.225084,
ISL,EDUPUBEXP,PRY_TRY,PC_GDP,A,2017,5.456382,
ISL,EDUPUBEXP,PRY_TRY,PC_GDP,A,2018,5.451581,
ISL,EDUPUBEXP,PRY_TRY,PC_GDP,A,2019,5.456792,
IRL,EDUPUBEXP,PRY_TRY,PC_GDP,A,1995,4.436254,
IRL,EDUPUBEXP,PRY_TRY,PC_GDP,A,2000,3.817989,
IRL,EDUPUBEXP,PRY_TRY,PC_GDP,A,2005,4.033695,
IRL,EDUPUBEXP,PRY_TRY,PC_GDP,A,2008,4.980196,
IRL,EDUPUBEXP,PRY_TRY,PC_GDP,A,2009,5.585302,
IRL,EDUPUBEXP,PRY_TRY,PC_GDP,A,2010,5.443483,
IRL,EDUPUBEXP,PRY_TRY,PC_GDP,A,2011,5.244077,
IRL,EDUPUBEXP,PRY_TRY,PC_GDP,A,2012,5.274327,
IRL,EDUPUBEXP,PRY_TRY,PC_GDP,A,2013,4.748357,
IRL,EDUPUBEXP,PRY_TRY,PC_GDP,A,2014,4.323016,
IRL,EDUPUBEXP,PRY_TRY,PC_GDP,A,2015,2.994908,
IRL,EDUPUBEXP,PRY_TRY,PC_GDP,A,2016,2.975793,
IRL,EDUPUBEXP,PRY_TRY,PC_GDP,A,2017,2.850549,
IRL,EDUPUBEXP,PRY_TRY,PC_GDP,A,2018,2.76564,
IRL,EDUPUBEXP,PRY_TRY,PC_GDP,A,2019,2.685701,
ITA,EDUPUBEXP,PRY_TRY,PC_GDP,A,1995,4.057243,
ITA,EDUPUBEXP,PRY_TRY,PC_GDP,A,2000,3.628047,
ITA,EDUPUBEXP,PRY_TRY,PC_GDP,A,2005,3.625203,
ITA,EDUPUBEXP,PRY_TRY,PC_GDP,A,2008,3.722159,
ITA,EDUPUBEXP,PRY_TRY,PC_GDP,A,2009,3.802828,
ITA,EDUPUBEXP,PRY_TRY,PC_GDP,A,2010,3.619378,
ITA,EDUPUBEXP,PRY_TRY,PC_GDP,A,2011,3.439445,
ITA,EDUPUBEXP,PRY_TRY,PC_GDP,A,2012,3.369805,
ITA,EDUPUBEXP,PRY_TRY,PC_GDP,A,2013,3.451297,
ITA,EDUPUBEXP,PRY_TRY,PC_GDP,A,2014,3.349126,
ITA,EDUPUBEXP,PRY_TRY,PC_GDP,A,2015,3.343743,
ITA,EDUPUBEXP,PRY_TRY,PC_GDP,A,2016,3.126663,
ITA,EDUPUBEXP,PRY_TRY,PC_GDP,A,2017,3.324494,
ITA,EDUPUBEXP,PRY_TRY,PC_GDP,A,2018,3.48507,
ITA,EDUPUBEXP,PRY_TRY,PC_GDP,A,2019,3.313309,
JPN,EDUPUBEXP,PRY_TRY,PC_GDP,A,2005,2.876211,
JPN,EDUPUBEXP,PRY_TRY,PC_GDP,A,2010,3.155201,
JPN,EDUPUBEXP,PRY_TRY,PC_GDP,A,2011,3.037509,
JPN,EDUPUBEXP,PRY_TRY,PC_GDP,A,2012,3.090495,
JPN,EDUPUBEXP,PRY_TRY,PC_GDP,A,2013,3.06724,
JPN,EDUPUBEXP,PRY_TRY,PC_GDP,A,2014,3.072285,
JPN,EDUPUBEXP,PRY_TRY,PC_GDP,A,2015,2.976239,
JPN,EDUPUBEXP,PRY_TRY,PC_GDP,A,2016,2.834202,
JPN,EDUPUBEXP,PRY_TRY,PC_GDP,A,2017,2.819715,
JPN,EDUPUBEXP,PRY_TRY,PC_GDP,A,2018,2.786428,
JPN,EDUPUBEXP,PRY_TRY,PC_GDP,A,2019,2.845383,
KOR,EDUPUBEXP,PRY_TRY,PC_GDP,A,2015,3.664961,
KOR,EDUPUBEXP,PRY_TRY,PC_GDP,A,2016,3.585315,
KOR,EDUPUBEXP,PRY_TRY,PC_GDP,A,2017,3.625024,
KOR,EDUPUBEXP,PRY_TRY,PC_GDP,A,2018,3.750807,
KOR,EDUPUBEXP,PRY_TRY,PC_GDP,A,2019,3.965629,
LUX,EDUPUBEXP,TRY,PC_GDP,A,2012,0.3673639,
LUX,EDUPUBEXP,TRY,PC_GDP,A,2013,0.4783451,
LUX,EDUPUBEXP,TRY,PC_GDP,A,2014,0.4520788,
LUX,EDUPUBEXP,TRY,PC_GDP,A,2015,0.4682416,
LUX,EDUPUBEXP,TRY,PC_GDP,A,2016,0.4260815,
LUX,EDUPUBEXP,TRY,PC_GDP,A,2017,0.4230964,
LUX,EDUPUBEXP,TRY,PC_GDP,A,2018,0.3832832,
LUX,EDUPUBEXP,TRY,PC_GDP,A,2019,0.4182125,
LUX,EDUPUBEXP,PRY_TRY,PC_GDP,A,2012,3.350344,
LUX,EDUPUBEXP,PRY_TRY,PC_GDP,A,2013,3.09619,
LUX,EDUPUBEXP,PRY_TRY,PC_GDP,A,2014,3.230506,
LUX,EDUPUBEXP,PRY_TRY,PC_GDP,A,2015,3.157058,
LUX,EDUPUBEXP,PRY_TRY,PC_GDP,A,2016,2.88748,
LUX,EDUPUBEXP,PRY_TRY,PC_GDP,A,2017,2.95995,
LUX,EDUPUBEXP,PRY_TRY,PC_GDP,A,2018,2.931385,
LUX,EDUPUBEXP,PRY_TRY,PC_GDP,A,2019,3.135428,
MEX,EDUPUBEXP,PRY_TRY,PC_GDP,A,1995,3.328752,
MEX,EDUPUBEXP,PRY_TRY,PC_GDP,A,2000,3.384412,
MEX,EDUPUBEXP,PRY_TRY,PC_GDP,A,2005,3.960854,
MEX,EDUPUBEXP,PRY_TRY,PC_GDP,A,2008,3.843229,
MEX,EDUPUBEXP,PRY_TRY,PC_GDP,A,2009,4.115712,
MEX,EDUPUBEXP,PRY_TRY,PC_GDP,A,2010,4.164069,
MEX,EDUPUBEXP,PRY_TRY,PC_GDP,A,2011,4.053355,
MEX,EDUPUBEXP,PRY_TRY,PC_GDP,A,2012,4.068488,
MEX,EDUPUBEXP,PRY_TRY,PC_GDP,A,2013,4.158229,
MEX,EDUPUBEXP,PRY_TRY,PC_GDP,A,2014,4.193925,
MEX,EDUPUBEXP,PRY_TRY,PC_GDP,A,2015,4.198099,
MEX,EDUPUBEXP,PRY_TRY,PC_GDP,A,2016,3.95323,
MEX,EDUPUBEXP,PRY_TRY,PC_GDP,A,2017,3.66599,
MEX,EDUPUBEXP,PRY_TRY,PC_GDP,A,2018,3.442925,
MEX,EDUPUBEXP,PRY_TRY,PC_GDP,A,2019,3.410456,
NLD,EDUPUBEXP,PRY_TRY,PC_GDP,A,1995,3.808323,
NLD,EDUPUBEXP,PRY_TRY,PC_GDP,A,2000,3.667488,
NLD,EDUPUBEXP,PRY_TRY,PC_GDP,A,2005,4.123959,
NLD,EDUPUBEXP,PRY_TRY,PC_GDP,A,2008,3.945973,
NLD,EDUPUBEXP,PRY_TRY,PC_GDP,A,2009,4.37155,
NLD,EDUPUBEXP,PRY_TRY,PC_GDP,A,2010,4.396069,
NLD,EDUPUBEXP,PRY_TRY,PC_GDP,A,2011,4.317286,
NLD,EDUPUBEXP,PRY_TRY,PC_GDP,A,2012,4.35739,
NLD,EDUPUBEXP,PRY_TRY,PC_GDP,A,2013,4.432332,
NLD,EDUPUBEXP,PRY_TRY,PC_GDP,A,2014,4.304741,
NLD,EDUPUBEXP,PRY_TRY,PC_GDP,A,2015,4.299735,
NLD,EDUPUBEXP,PRY_TRY,PC_GDP,A,2016,4.249313,
NLD,EDUPUBEXP,PRY_TRY,PC_GDP,A,2017,4.159009,
NLD,EDUPUBEXP,PRY_TRY,PC_GDP,A,2018,4.150851,
NLD,EDUPUBEXP,PRY_TRY,PC_GDP,A,2019,4.098258,
NZL,EDUPUBEXP,PRY_TRY,PC_GDP,A,2000,4.311852,
NZL,EDUPUBEXP,PRY_TRY,PC_GDP,A,2005,4.565141,
NZL,EDUPUBEXP,PRY_TRY,PC_GDP,A,2008,4.703054,
NZL,EDUPUBEXP,PRY_TRY,PC_GDP,A,2009,4.853768,
NZL,EDUPUBEXP,PRY_TRY,PC_GDP,A,2010,4.747174,
NZL,EDUPUBEXP,PRY_TRY,PC_GDP,A,2011,4.529041,
NZL,EDUPUBEXP,PRY_TRY,PC_GDP,A,2012,4.461943,
NZL,EDUPUBEXP,PRY_TRY,PC_GDP,A,2013,4.255875,
NZL,EDUPUBEXP,PRY_TRY,PC_GDP,A,2014,4.212168,
NZL,EDUPUBEXP,PRY_TRY,PC_GDP,A,2015,4.16337,
NZL,EDUPUBEXP,PRY_TRY,PC_GDP,A,2016,4.032919,
NZL,EDUPUBEXP,PRY_TRY,PC_GDP,A,2017,3.881412,
NZL,EDUPUBEXP,PRY_TRY,PC_GDP,A,2018,3.861352,
NZL,EDUPUBEXP,PRY_TRY,PC_GDP,A,2019,3.894696,
NZL,EDUPUBEXP,PRY_TRY,PC_GDP,A,2020,4.323161,
NOR,EDUPUBEXP,PRY_TRY,PC_GDP,A,1995,6.721286,
NOR,EDUPUBEXP,PRY_TRY,PC_GDP,A,2000,6.529684,
NOR,EDUPUBEXP,PRY_TRY,PC_GDP,A,2005,6.566738,
NOR,EDUPUBEXP,PRY_TRY,PC_GDP,A,2008,6.120105,
NOR,EDUPUBEXP,PRY_TRY,PC_GDP,A,2009,6.590999,
NOR,EDUPUBEXP,PRY_TRY,PC_GDP,A,2010,6.431563,
NOR,EDUPUBEXP,PRY_TRY,PC_GDP,A,2011,6.285067,
NOR,EDUPUBEXP,PRY_TRY,PC_GDP,A,2012,6.12756,
NOR,EDUPUBEXP,PRY_TRY,PC_GDP,A,2013,6.236246,
NOR,EDUPUBEXP,PRY_TRY,PC_GDP,A,2014,6.119992,
NOR,EDUPUBEXP,PRY_TRY,PC_GDP,A,2015,6.297311,
NOR,EDUPUBEXP,PRY_TRY,PC_GDP,A,2016,6.393994,
NOR,EDUPUBEXP,PRY_TRY,PC_GDP,A,2017,6.444083,
NOR,EDUPUBEXP,PRY_TRY,PC_GDP,A,2018,6.444828,
NOR,EDUPUBEXP,PRY_TRY,PC_GDP,A,2019,6.384842,
POL,EDUPUBEXP,PRY_TRY,PC_GDP,A,1995,4.267834,
POL,EDUPUBEXP,PRY_TRY,PC_GDP,A,2000,4.322353,
POL,EDUPUBEXP,PRY_TRY,PC_GDP,A,2005,4.803237,
POL,EDUPUBEXP,PRY_TRY,PC_GDP,A,2008,4.408394,
POL,EDUPUBEXP,PRY_TRY,PC_GDP,A,2009,4.411564,
POL,EDUPUBEXP,PRY_TRY,PC_GDP,A,2010,4.368754,
POL,EDUPUBEXP,PRY_TRY,PC_GDP,A,2011,4.117257,
POL,EDUPUBEXP,PRY_TRY,PC_GDP,A,2012,4.101123,
POL,EDUPUBEXP,PRY_TRY,PC_GDP,A,2013,4.15535,
POL,EDUPUBEXP,PRY_TRY,PC_GDP,A,2014,4.104846,
POL,EDUPUBEXP,PRY_TRY,PC_GDP,A,2015,4.011344,
POL,EDUPUBEXP,PRY_TRY,PC_GDP,A,2016,3.82071,
POL,EDUPUBEXP,PRY_TRY,PC_GDP,A,2017,3.715397,
POL,EDUPUBEXP,PRY_TRY,PC_GDP,A,2018,3.740281,
POL,EDUPUBEXP,PRY_TRY,PC_GDP,A,2019,3.786524,
PRT,EDUPUBEXP,PRY_TRY,PC_GDP,A,1995,4.269854,
PRT,EDUPUBEXP,PRY_TRY,PC_GDP,A,2000,4.584841,
PRT,EDUPUBEXP,PRY_TRY,PC_GDP,A,2005,4.408963,
PRT,EDUPUBEXP,PRY_TRY,PC_GDP,A,2008,4.036114,
PRT,EDUPUBEXP,PRY_TRY,PC_GDP,A,2009,4.702617,
PRT,EDUPUBEXP,PRY_TRY,PC_GDP,A,2010,4.649642,
PRT,EDUPUBEXP,PRY_TRY,PC_GDP,A,2011,4.41259,
PRT,EDUPUBEXP,PRY_TRY,PC_GDP,A,2012,4.215127,
PRT,EDUPUBEXP,PRY_TRY,PC_GDP,A,2013,4.506523,
PRT,EDUPUBEXP,PRY_TRY,PC_GDP,A,2014,4.360444,
PRT,EDUPUBEXP,PRY_TRY,PC_GDP,A,2015,4.143377,
PRT,EDUPUBEXP,PRY_TRY,PC_GDP,A,2016,4.065532,
PRT,EDUPUBEXP,PRY_TRY,PC_GDP,A,2017,4.247432,
PRT,EDUPUBEXP,PRY_TRY,PC_GDP,A,2018,3.993846,
PRT,EDUPUBEXP,PRY_TRY,PC_GDP,A,2019,3.983893,
SVK,EDUPUBEXP,PRY_TRY,PC_GDP,A,1995,3.655331,
SVK,EDUPUBEXP,PRY_TRY,PC_GDP,A,2000,3.259675,
SVK,EDUPUBEXP,PRY_TRY,PC_GDP,A,2005,3.085068,
SVK,EDUPUBEXP,PRY_TRY,PC_GDP,A,2008,2.745928,
SVK,EDUPUBEXP,PRY_TRY,PC_GDP,A,2009,3.128957,
SVK,EDUPUBEXP,PRY_TRY,PC_GDP,A,2010,3.217142,
SVK,EDUPUBEXP,PRY_TRY,PC_GDP,A,2011,3.101434,
SVK,EDUPUBEXP,PRY_TRY,PC_GDP,A,2012,3.060341,
SVK,EDUPUBEXP,PRY_TRY,PC_GDP,A,2013,3.218823,
SVK,EDUPUBEXP,PRY_TRY,PC_GDP,A,2014,3.286968,
SVK,EDUPUBEXP,PRY_TRY,PC_GDP,A,2015,3.746823,
SVK,EDUPUBEXP,PRY_TRY,PC_GDP,A,2016,3.127591,
SVK,EDUPUBEXP,PRY_TRY,PC_GDP,A,2017,3.126706,
SVK,EDUPUBEXP,PRY_TRY,PC_GDP,A,2018,3.137586,
SVK,EDUPUBEXP,PRY_TRY,PC_GDP,A,2019,3.388417,
ESP,EDUPUBEXP,PRY_TRY,PC_GDP,A,1995,3.996713,
ESP,EDUPUBEXP,PRY_TRY,PC_GDP,A,2000,3.699922,
ESP,EDUPUBEXP,PRY_TRY,PC_GDP,A,2005,3.510415,
ESP,EDUPUBEXP,PRY_TRY,PC_GDP,A,2008,3.743516,
ESP,EDUPUBEXP,PRY_TRY,PC_GDP,A,2009,4.04351,
ESP,EDUPUBEXP,PRY_TRY,PC_GDP,A,2010,3.997414,
ESP,EDUPUBEXP,PRY_TRY,PC_GDP,A,2011,3.904148,
ESP,EDUPUBEXP,PRY_TRY,PC_GDP,A,2012,3.682777,
ESP,EDUPUBEXP,PRY_TRY,PC_GDP,A,2013,3.576992,
ESP,EDUPUBEXP,PRY_TRY,PC_GDP,A,2014,3.510534,
ESP,EDUPUBEXP,PRY_TRY,PC_GDP,A,2015,3.514046,
ESP,EDUPUBEXP,PRY_TRY,PC_GDP,A,2016,3.475087,
ESP,EDUPUBEXP,PRY_TRY,PC_GDP,A,2017,3.460228,
ESP,EDUPUBEXP,PRY_TRY,PC_GDP,A,2018,3.431106,
ESP,EDUPUBEXP,PRY_TRY,PC_GDP,A,2019,3.484492,
SWE,EDUPUBEXP,PRY_TRY,PC_GDP,A,1995,5.185935,
SWE,EDUPUBEXP,PRY_TRY,PC_GDP,A,2000,5.307059,
SWE,EDUPUBEXP,PRY_TRY,PC_GDP,A,2005,5.266616,
SWE,EDUPUBEXP,PRY_TRY,PC_GDP,A,2008,5.073516,
SWE,EDUPUBEXP,PRY_TRY,PC_GDP,A,2009,5.343821,
SWE,EDUPUBEXP,PRY_TRY,PC_GDP,A,2010,5.14703,
SWE,EDUPUBEXP,PRY_TRY,PC_GDP,A,2011,5.009366,
SWE,EDUPUBEXP,PRY_TRY,PC_GDP,A,2012,5.071515,
SWE,EDUPUBEXP,PRY_TRY,PC_GDP,A,2013,5.086649,
SWE,EDUPUBEXP,PRY_TRY,PC_GDP,A,2014,5.050639,
SWE,EDUPUBEXP,PRY_TRY,PC_GDP,A,2015,4.946734,
SWE,EDUPUBEXP,PRY_TRY,PC_GDP,A,2016,5.120571,
SWE,EDUPUBEXP,PRY_TRY,PC_GDP,A,2017,5.180894,
SWE,EDUPUBEXP,PRY_TRY,PC_GDP,A,2018,5.283234,
SWE,EDUPUBEXP,PRY_TRY,PC_GDP,A,2019,5.231956,
CHE,EDUPUBEXP,PRY_TRY,PC_GDP,A,1995,3.65258,
CHE,EDUPUBEXP,PRY_TRY,PC_GDP,A,2000,4.235507,
CHE,EDUPUBEXP,PRY_TRY,PC_GDP,A,2005,4.608486,
CHE,EDUPUBEXP,PRY_TRY,PC_GDP,A,2008,4.015774,
CHE,EDUPUBEXP,PRY_TRY,PC_GDP,A,2009,4.311309,
CHE,EDUPUBEXP,PRY_TRY,PC_GDP,A,2010,4.217788,
CHE,EDUPUBEXP,PRY_TRY,PC_GDP,A,2011,4.265787,
CHE,EDUPUBEXP,PRY_TRY,PC_GDP,A,2012,4.463624,
CHE,EDUPUBEXP,PRY_TRY,PC_GDP,A,2013,4.487751,
CHE,EDUPUBEXP,PRY_TRY,PC_GDP,A,2014,4.477356,
CHE,EDUPUBEXP,PRY_TRY,PC_GDP,A,2015,4.361644,
CHE,EDUPUBEXP,PRY_TRY,PC_GDP,A,2016,4.353744,
CHE,EDUPUBEXP,PRY_TRY,PC_GDP,A,2017,4.366026,
TUR,EDUPUBEXP,TRY,PC_GDP,A,2005,0.733379,
TUR,EDUPUBEXP,TRY,PC_GDP,A,2010,0.8897248,
TUR,EDUPUBEXP,TRY,PC_GDP,A,2011,1.362573,
TUR,EDUPUBEXP,TRY,PC_GDP,A,2012,1.387778,
TUR,EDUPUBEXP,TRY,PC_GDP,A,2013,1.342571,
TUR,EDUPUBEXP,TRY,PC_GDP,A,2014,1.372749,
TUR,EDUPUBEXP,TRY,PC_GDP,A,2015,1.311421,
TUR,EDUPUBEXP,TRY,PC_GDP,A,2016,1.396739,
TUR,EDUPUBEXP,TRY,PC_GDP,A,2017,1.333068,
TUR,EDUPUBEXP,TRY,PC_GDP,A,2018,1.223392,
TUR,EDUPUBEXP,TRY,PC_GDP,A,2019,1.109696,
TUR,EDUPUBEXP,PRY_NTRY,PC_GDP,A,2005,1.906139,
TUR,EDUPUBEXP,PRY_NTRY,PC_GDP,A,2010,2.357364,
TUR,EDUPUBEXP,PRY_NTRY,PC_GDP,A,2011,2.379362,
TUR,EDUPUBEXP,PRY_NTRY,PC_GDP,A,2012,2.492106,
TUR,EDUPUBEXP,PRY_NTRY,PC_GDP,A,2013,2.520679,
TUR,EDUPUBEXP,PRY_NTRY,PC_GDP,A,2014,2.538275,
TUR,EDUPUBEXP,PRY_NTRY,PC_GDP,A,2015,2.498679,
TUR,EDUPUBEXP,PRY_NTRY,PC_GDP,A,2016,2.632946,
TUR,EDUPUBEXP,PRY_NTRY,PC_GDP,A,2017,2.412841,
TUR,EDUPUBEXP,PRY_NTRY,PC_GDP,A,2018,2.452061,
TUR,EDUPUBEXP,PRY_NTRY,PC_GDP,A,2019,2.701437,
TUR,EDUPUBEXP,PRY_TRY,PC_GDP,A,2005,2.639517,
TUR,EDUPUBEXP,PRY_TRY,PC_GDP,A,2010,3.247089,
TUR,EDUPUBEXP,PRY_TRY,PC_GDP,A,2011,3.741935,
TUR,EDUPUBEXP,PRY_TRY,PC_GDP,A,2012,3.879883,
TUR,EDUPUBEXP,PRY_TRY,PC_GDP,A,2013,3.86325,
TUR,EDUPUBEXP,PRY_TRY,PC_GDP,A,2014,3.911024,
TUR,EDUPUBEXP,PRY_TRY,PC_GDP,A,2015,3.810099,
TUR,EDUPUBEXP,PRY_TRY,PC_GDP,A,2016,4.029684,
TUR,EDUPUBEXP,PRY_TRY,PC_GDP,A,2017,3.74591,
TUR,EDUPUBEXP,PRY_TRY,PC_GDP,A,2018,3.675453,
TUR,EDUPUBEXP,PRY_TRY,PC_GDP,A,2019,3.811133,
GBR,EDUPUBEXP,PRY_TRY,PC_GDP,A,2012,4.640653,
GBR,EDUPUBEXP,PRY_TRY,PC_GDP,A,2013,4.603572,
GBR,EDUPUBEXP,PRY_TRY,PC_GDP,A,2014,4.644188,
GBR,EDUPUBEXP,PRY_TRY,PC_GDP,A,2015,4.286411,
GBR,EDUPUBEXP,PRY_TRY,PC_GDP,A,2016,4.174928,
GBR,EDUPUBEXP,PRY_TRY,PC_GDP,A,2017,4.085938,
GBR,EDUPUBEXP,PRY_TRY,PC_GDP,A,2018,3.864342,
GBR,EDUPUBEXP,PRY_TRY,PC_GDP,A,2019,3.882798,
USA,EDUPUBEXP,PRY_TRY,PC_GDP,A,2000,4.320843,
USA,EDUPUBEXP,PRY_TRY,PC_GDP,A,2005,4.491679,
USA,EDUPUBEXP,PRY_TRY,PC_GDP,A,2008,4.640361,
USA,EDUPUBEXP,PRY_TRY,PC_GDP,A,2009,4.72678,
USA,EDUPUBEXP,PRY_TRY,PC_GDP,A,2010,4.65746,
USA,EDUPUBEXP,PRY_TRY,PC_GDP,A,2011,4.502084,
USA,EDUPUBEXP,PRY_TRY,PC_GDP,A,2012,4.327533,
USA,EDUPUBEXP,PRY_TRY,PC_GDP,A,2013,4.146604,
USA,EDUPUBEXP,PRY_TRY,PC_GDP,A,2014,4.088357,
USA,EDUPUBEXP,PRY_TRY,PC_GDP,A,2015,4.089959,
USA,EDUPUBEXP,PRY_TRY,PC_GDP,A,2016,4.116626,
USA,EDUPUBEXP,PRY_TRY,PC_GDP,A,2017,4.158236,
USA,EDUPUBEXP,PRY_TRY,PC_GDP,A,2018,4.124314,
USA,EDUPUBEXP,PRY_TRY,PC_GDP,A,2019,4.106183,
ARG,EDUPUBEXP,TRY,PC_GDP,A,2008,0.8510585,
ARG,EDUPUBEXP,TRY,PC_GDP,A,2009,1.025924,
ARG,EDUPUBEXP,TRY,PC_GDP,A,2010,0.9845704,
ARG,EDUPUBEXP,TRY,PC_GDP,A,2011,1.016463,
ARG,EDUPUBEXP,TRY,PC_GDP,A,2013,1.087721,
ARG,EDUPUBEXP,TRY,PC_GDP,A,2014,1.075778,
ARG,EDUPUBEXP,TRY,PC_GDP,A,2015,1.123242,
ARG,EDUPUBEXP,TRY,PC_GDP,A,2016,1.070593,
ARG,EDUPUBEXP,TRY,PC_GDP,A,2017,1.153518,
ARG,EDUPUBEXP,TRY,PC_GDP,A,2018,1.054178,
ARG,EDUPUBEXP,TRY,PC_GDP,A,2019,0.982155,
ARG,EDUPUBEXP,PRY_NTRY,PC_GDP,A,2005,2.867749,
ARG,EDUPUBEXP,PRY_NTRY,PC_GDP,A,2008,3.561938,
ARG,EDUPUBEXP,PRY_NTRY,PC_GDP,A,2009,4.022185,
ARG,EDUPUBEXP,PRY_NTRY,PC_GDP,A,2010,3.636445,
ARG,EDUPUBEXP,PRY_NTRY,PC_GDP,A,2011,3.825775,
ARG,EDUPUBEXP,PRY_NTRY,PC_GDP,A,2012,3.854837,
ARG,EDUPUBEXP,PRY_NTRY,PC_GDP,A,2013,3.886624,
ARG,EDUPUBEXP,PRY_NTRY,PC_GDP,A,2014,3.832981,
ARG,EDUPUBEXP,PRY_NTRY,PC_GDP,A,2015,4.04863,
ARG,EDUPUBEXP,PRY_NTRY,PC_GDP,A,2016,3.866413,
ARG,EDUPUBEXP,PRY_NTRY,PC_GDP,A,2017,3.72078,
ARG,EDUPUBEXP,PRY_NTRY,PC_GDP,A,2018,3.252565,
ARG,EDUPUBEXP,PRY_NTRY,PC_GDP,A,2019,3.269071,
ARG,EDUPUBEXP,PRY_TRY,PC_GDP,A,2008,4.412997,
ARG,EDUPUBEXP,PRY_TRY,PC_GDP,A,2009,5.048109,
ARG,EDUPUBEXP,PRY_TRY,PC_GDP,A,2010,4.621016,
ARG,EDUPUBEXP,PRY_TRY,PC_GDP,A,2011,4.842237,
ARG,EDUPUBEXP,PRY_TRY,PC_GDP,A,2013,4.974345,
ARG,EDUPUBEXP,PRY_TRY,PC_GDP,A,2014,4.908759,
ARG,EDUPUBEXP,PRY_TRY,PC_GDP,A,2015,5.171872,
ARG,EDUPUBEXP,PRY_TRY,PC_GDP,A,2016,4.937007,
ARG,EDUPUBEXP,PRY_TRY,PC_GDP,A,2017,4.874299,
ARG,EDUPUBEXP,PRY_TRY,PC_GDP,A,2018,4.306743,
ARG,EDUPUBEXP,PRY_TRY,PC_GDP,A,2019,4.251226,
BRA,EDUPUBEXP,PRY_TRY,PC_GDP,A,1995,2.997085,
BRA,EDUPUBEXP,PRY_TRY,PC_GDP,A,2000,3.073676,
BRA,EDUPUBEXP,PRY_TRY,PC_GDP,A,2005,3.945087,
BRA,EDUPUBEXP,PRY_TRY,PC_GDP,A,2008,4.717213,
BRA,EDUPUBEXP,PRY_TRY,PC_GDP,A,2009,4.922047,
BRA,EDUPUBEXP,PRY_TRY,PC_GDP,A,2010,4.87749,
BRA,EDUPUBEXP,PRY_TRY,PC_GDP,A,2011,5.114666,
BRA,EDUPUBEXP,PRY_TRY,PC_GDP,A,2012,4.966034,
BRA,EDUPUBEXP,PRY_TRY,PC_GDP,A,2013,5.011388,
BRA,EDUPUBEXP,PRY_TRY,PC_GDP,A,2014,4.845894,
BRA,EDUPUBEXP,PRY_TRY,PC_GDP,A,2015,5.023868,
BRA,EDUPUBEXP,PRY_TRY,PC_GDP,A,2016,5.109763,
BRA,EDUPUBEXP,PRY_TRY,PC_GDP,A,2017,5.110239,
BRA,EDUPUBEXP,PRY_TRY,PC_GDP,A,2018,4.953937,
CHL,EDUPUBEXP,PRY_TRY,PC_GDP,A,1995,2.317359,
CHL,EDUPUBEXP,PRY_TRY,PC_GDP,A,2000,3.288284,
CHL,EDUPUBEXP,PRY_TRY,PC_GDP,A,2005,2.78466,
CHL,EDUPUBEXP,PRY_TRY,PC_GDP,A,2008,3.071287,
CHL,EDUPUBEXP,PRY_TRY,PC_GDP,A,2009,3.306967,
CHL,EDUPUBEXP,PRY_TRY,PC_GDP,A,2010,3.190227,
CHL,EDUPUBEXP,PRY_TRY,PC_GDP,A,2011,3.146951,
CHL,EDUPUBEXP,PRY_TRY,PC_GDP,A,2012,3.522271,
CHL,EDUPUBEXP,PRY_TRY,PC_GDP,A,2013,3.45607,
CHL,EDUPUBEXP,PRY_TRY,PC_GDP,A,2014,3.328403,
CHL,EDUPUBEXP,PRY_TRY,PC_GDP,A,2015,3.334266,
CHL,EDUPUBEXP,PRY_TRY,PC_GDP,A,2016,3.822012,
CHL,EDUPUBEXP,PRY_TRY,PC_GDP,A,2017,3.970552,
CHL,EDUPUBEXP,PRY_TRY,PC_GDP,A,2018,3.986791,
CHL,EDUPUBEXP,PRY_TRY,PC_GDP,A,2019,4.166119,
COL,EDUPUBEXP,TRY,PC_GDP,A,2000,0.7459652,
COL,EDUPUBEXP,TRY,PC_GDP,A,2005,0.5554604,
COL,EDUPUBEXP,TRY,PC_GDP,A,2008,0.8683394,
COL,EDUPUBEXP,TRY,PC_GDP,A,2009,0.8235551,
COL,EDUPUBEXP,TRY,PC_GDP,A,2010,0.8929423,
COL,EDUPUBEXP,TRY,PC_GDP,A,2011,0.8070768,
COL,EDUPUBEXP,TRY,PC_GDP,A,2012,0.8341647,
COL,EDUPUBEXP,TRY,PC_GDP,A,2013,0.7666889,
COL,EDUPUBEXP,TRY,PC_GDP,A,2014,0.8074532,
COL,EDUPUBEXP,TRY,PC_GDP,A,2015,0.7858326,
COL,EDUPUBEXP,TRY,PC_GDP,A,2016,0.797176,
COL,EDUPUBEXP,TRY,PC_GDP,A,2017,0.8028696,
COL,EDUPUBEXP,TRY,PC_GDP,A,2018,0.7366614,
COL,EDUPUBEXP,TRY,PC_GDP,A,2019,0.450893,
COL,EDUPUBEXP,PRY_NTRY,PC_GDP,A,2005,4.020988,
COL,EDUPUBEXP,PRY_NTRY,PC_GDP,A,2008,3.916961,
COL,EDUPUBEXP,PRY_NTRY,PC_GDP,A,2009,3.506992,
COL,EDUPUBEXP,PRY_NTRY,PC_GDP,A,2010,3.281409,
COL,EDUPUBEXP,PRY_NTRY,PC_GDP,A,2011,3.111201,
COL,EDUPUBEXP,PRY_NTRY,PC_GDP,A,2012,3.019483,
COL,EDUPUBEXP,PRY_NTRY,PC_GDP,A,2013,3.291633,
COL,EDUPUBEXP,PRY_NTRY,PC_GDP,A,2014,3.093037,
COL,EDUPUBEXP,PRY_NTRY,PC_GDP,A,2015,3.123892,
COL,EDUPUBEXP,PRY_NTRY,PC_GDP,A,2016,3.065175,
COL,EDUPUBEXP,PRY_NTRY,PC_GDP,A,2017,3.152782,
COL,EDUPUBEXP,PRY_NTRY,PC_GDP,A,2018,3.204235,
COL,EDUPUBEXP,PRY_NTRY,PC_GDP,A,2019,3.429341,
COL,EDUPUBEXP,PRY_TRY,PC_GDP,A,2000,0.7459652,
COL,EDUPUBEXP,PRY_TRY,PC_GDP,A,2005,4.576449,
COL,EDUPUBEXP,PRY_TRY,PC_GDP,A,2008,4.785301,
COL,EDUPUBEXP,PRY_TRY,PC_GDP,A,2009,4.330547,
COL,EDUPUBEXP,PRY_TRY,PC_GDP,A,2010,4.174351,
COL,EDUPUBEXP,PRY_TRY,PC_GDP,A,2011,3.918278,
COL,EDUPUBEXP,PRY_TRY,PC_GDP,A,2012,3.853647,
COL,EDUPUBEXP,PRY_TRY,PC_GDP,A,2013,4.058322,
COL,EDUPUBEXP,PRY_TRY,PC_GDP,A,2014,3.900491,
COL,EDUPUBEXP,PRY_TRY,PC_GDP,A,2015,3.909725,
COL,EDUPUBEXP,PRY_TRY,PC_GDP,A,2016,3.862351,
COL,EDUPUBEXP,PRY_TRY,PC_GDP,A,2017,3.955651,
COL,EDUPUBEXP,PRY_TRY,PC_GDP,A,2018,3.940896,
COL,EDUPUBEXP,PRY_TRY,PC_GDP,A,2019,3.880234,
EST,EDUPUBEXP,PRY_TRY,PC_GDP,A,1995,4.976448,
EST,EDUPUBEXP,PRY_TRY,PC_GDP,A,2000,4.878152,
EST,EDUPUBEXP,PRY_TRY,PC_GDP,A,2005,4.144608,
EST,EDUPUBEXP,PRY_TRY,PC_GDP,A,2008,4.649326,
EST,EDUPUBEXP,PRY_TRY,PC_GDP,A,2009,5.205877,
EST,EDUPUBEXP,PRY_TRY,PC_GDP,A,2010,4.789113,
EST,EDUPUBEXP,PRY_TRY,PC_GDP,A,2011,4.379467,
EST,EDUPUBEXP,PRY_TRY,PC_GDP,A,2012,4.080602,
EST,EDUPUBEXP,PRY_TRY,PC_GDP,A,2013,4.339244,
EST,EDUPUBEXP,PRY_TRY,PC_GDP,A,2014,3.971788,
EST,EDUPUBEXP,PRY_TRY,PC_GDP,A,2015,3.952803,
EST,EDUPUBEXP,PRY_TRY,PC_GDP,A,2016,3.932005,
EST,EDUPUBEXP,PRY_TRY,PC_GDP,A,2017,3.837433,
EST,EDUPUBEXP,PRY_TRY,PC_GDP,A,2018,4.096453,
EST,EDUPUBEXP,PRY_TRY,PC_GDP,A,2019,4.093456,
IND,EDUPUBEXP,PRY_TRY,PC_GDP,A,2000,4.032196,
IND,EDUPUBEXP,PRY_TRY,PC_GDP,A,2005,2.796065,
IND,EDUPUBEXP,PRY_TRY,PC_GDP,A,2009,2.836827,
IND,EDUPUBEXP,PRY_TRY,PC_GDP,A,2010,2.810783,
IND,EDUPUBEXP,PRY_TRY,PC_GDP,A,2011,3.26358,
IND,EDUPUBEXP,PRY_TRY,PC_GDP,A,2012,3.340819,
IND,EDUPUBEXP,PRY_TRY,PC_GDP,A,2013,3.320032,
IND,EDUPUBEXP,PRY_TRY,PC_GDP,A,2020,4.460335,
IDN,EDUPUBEXP,PRY_TRY,PC_GDP,A,2008,2.21427,
IDN,EDUPUBEXP,PRY_TRY,PC_GDP,A,2009,2.771637,
IDN,EDUPUBEXP,PRY_TRY,PC_GDP,A,2010,2.347934,
IDN,EDUPUBEXP,PRY_TRY,PC_GDP,A,2012,2.85973,
IDN,EDUPUBEXP,PRY_TRY,PC_GDP,A,2013,2.804244,
IDN,EDUPUBEXP,PRY_TRY,PC_GDP,A,2014,2.769185,
IDN,EDUPUBEXP,PRY_TRY,PC_GDP,A,2015,3.006306,
ISR,EDUPUBEXP,PRY_TRY,PC_GDP,A,1995,5.385671,
ISR,EDUPUBEXP,PRY_TRY,PC_GDP,A,2000,4.960178,
ISR,EDUPUBEXP,PRY_TRY,PC_GDP,A,2005,4.370188,
ISR,EDUPUBEXP,PRY_TRY,PC_GDP,A,2008,4.425379,
ISR,EDUPUBEXP,PRY_TRY,PC_GDP,A,2009,4.389686,
ISR,EDUPUBEXP,PRY_TRY,PC_GDP,A,2010,4.485233,
ISR,EDUPUBEXP,PRY_TRY,PC_GDP,A,2011,4.534581,
ISR,EDUPUBEXP,PRY_TRY,PC_GDP,A,2012,4.915114,
ISR,EDUPUBEXP,PRY_TRY,PC_GDP,A,2013,4.860911,
ISR,EDUPUBEXP,PRY_TRY,PC_GDP,A,2014,4.79588,
ISR,EDUPUBEXP,PRY_TRY,PC_GDP,A,2015,4.868933,
ISR,EDUPUBEXP,PRY_TRY,PC_GDP,A,2016,4.818258,
ISR,EDUPUBEXP,PRY_TRY,PC_GDP,A,2017,4.989596,
ISR,EDUPUBEXP,PRY_TRY,PC_GDP,A,2018,5.044497,
ISR,EDUPUBEXP,PRY_TRY,PC_GDP,A,2019,5.029861,
LVA,EDUPUBEXP,TRY,PC_GDP,A,1995,0.6835106,
LVA,EDUPUBEXP,TRY,PC_GDP,A,2000,0.6856974,
LVA,EDUPUBEXP,TRY,PC_GDP,A,2005,0.7519341,
LVA,EDUPUBEXP,TRY,PC_GDP,A,2008,0.8640225,
LVA,EDUPUBEXP,TRY,PC_GDP,A,2009,0.6727612,
LVA,EDUPUBEXP,TRY,PC_GDP,A,2010,0.7045764,
LVA,EDUPUBEXP,TRY,PC_GDP,A,2011,0.892999,
LVA,EDUPUBEXP,TRY,PC_GDP,A,2012,0.8183094,
LVA,EDUPUBEXP,TRY,PC_GDP,A,2013,0.850955,
LVA,EDUPUBEXP,TRY,PC_GDP,A,2014,1.030566,
LVA,EDUPUBEXP,TRY,PC_GDP,A,2015,1.083146,
LVA,EDUPUBEXP,TRY,PC_GDP,A,2016,0.6737142,
LVA,EDUPUBEXP,TRY,PC_GDP,A,2017,0.6271765,
LVA,EDUPUBEXP,TRY,PC_GDP,A,2018,0.688215,
LVA,EDUPUBEXP,TRY,PC_GDP,A,2019,0.7724215,
LVA,EDUPUBEXP,PRY_NTRY,PC_GDP,A,1995,0.9814512,
LVA,EDUPUBEXP,PRY_NTRY,PC_GDP,A,2000,1.013009,
LVA,EDUPUBEXP,PRY_NTRY,PC_GDP,A,2005,3.125421,
LVA,EDUPUBEXP,PRY_NTRY,PC_GDP,A,2008,3.484195,
LVA,EDUPUBEXP,PRY_NTRY,PC_GDP,A,2009,3.617473,
LVA,EDUPUBEXP,PRY_NTRY,PC_GDP,A,2010,3.215414,
LVA,EDUPUBEXP,PRY_NTRY,PC_GDP,A,2011,3.036279,
LVA,EDUPUBEXP,PRY_NTRY,PC_GDP,A,2012,2.761244,
LVA,EDUPUBEXP,PRY_NTRY,PC_GDP,A,2013,3.030377,
LVA,EDUPUBEXP,PRY_NTRY,PC_GDP,A,2014,3.222429,
LVA,EDUPUBEXP,PRY_NTRY,PC_GDP,A,2015,3.220394,
LVA,EDUPUBEXP,PRY_NTRY,PC_GDP,A,2016,3.00567,
LVA,EDUPUBEXP,PRY_NTRY,PC_GDP,A,2017,2.769181,
LVA,EDUPUBEXP,PRY_NTRY,PC_GDP,A,2018,2.67334,
LVA,EDUPUBEXP,PRY_NTRY,PC_GDP,A,2019,2.711554,
LVA,EDUPUBEXP,PRY_TRY,PC_GDP,A,1995,1.664962,
LVA,EDUPUBEXP,PRY_TRY,PC_GDP,A,2000,1.698707,
LVA,EDUPUBEXP,PRY_TRY,PC_GDP,A,2005,3.877356,
LVA,EDUPUBEXP,PRY_TRY,PC_GDP,A,2008,4.348218,
LVA,EDUPUBEXP,PRY_TRY,PC_GDP,A,2009,4.290234,
LVA,EDUPUBEXP,PRY_TRY,PC_GDP,A,2010,3.91999,
LVA,EDUPUBEXP,PRY_TRY,PC_GDP,A,2011,3.929277,
LVA,EDUPUBEXP,PRY_TRY,PC_GDP,A,2012,3.579553,
LVA,EDUPUBEXP,PRY_TRY,PC_GDP,A,2013,3.881332,
LVA,EDUPUBEXP,PRY_TRY,PC_GDP,A,2014,4.252995,
LVA,EDUPUBEXP,PRY_TRY,PC_GDP,A,2015,4.303541,
LVA,EDUPUBEXP,PRY_TRY,PC_GDP,A,2016,3.679385,
LVA,EDUPUBEXP,PRY_TRY,PC_GDP,A,2017,3.396357,
LVA,EDUPUBEXP,PRY_TRY,PC_GDP,A,2018,3.361555,
LVA,EDUPUBEXP,PRY_TRY,PC_GDP,A,2019,3.483975,
RUS,EDUPUBEXP,PRY_TRY,PC_GDP,A,2008,2.751676,
RUS,EDUPUBEXP,PRY_TRY,PC_GDP,A,2009,3.230313,
RUS,EDUPUBEXP,PRY_TRY,PC_GDP,A,2010,2.82536,
RUS,EDUPUBEXP,PRY_TRY,PC_GDP,A,2011,3.494052,
RUS,EDUPUBEXP,PRY_TRY,PC_GDP,A,2012,2.819443,
RUS,EDUPUBEXP,PRY_TRY,PC_GDP,A,2013,2.872725,
RUS,EDUPUBEXP,PRY_TRY,PC_GDP,A,2014,2.760402,
RUS,EDUPUBEXP,PRY_TRY,PC_GDP,A,2015,2.581245,
RUS,EDUPUBEXP,PRY_TRY,PC_GDP,A,2016,2.608343,
RUS,EDUPUBEXP,PRY_TRY,PC_GDP,A,2017,2.850507,
RUS,EDUPUBEXP,PRY_TRY,PC_GDP,A,2018,2.928302,
SVN,EDUPUBEXP,PRY_TRY,PC_GDP,A,2005,4.682711,
SVN,EDUPUBEXP,PRY_TRY,PC_GDP,A,2008,4.226606,
SVN,EDUPUBEXP,PRY_TRY,PC_GDP,A,2009,4.570082,
SVN,EDUPUBEXP,PRY_TRY,PC_GDP,A,2010,4.510736,
SVN,EDUPUBEXP,PRY_TRY,PC_GDP,A,2011,4.408238,
SVN,EDUPUBEXP,PRY_TRY,PC_GDP,A,2012,4.349838,
SVN,EDUPUBEXP,PRY_TRY,PC_GDP,A,2013,4.236657,
SVN,EDUPUBEXP,PRY_TRY,PC_GDP,A,2014,4.065566,
SVN,EDUPUBEXP,PRY_TRY,PC_GDP,A,2015,3.816146,
SVN,EDUPUBEXP,PRY_TRY,PC_GDP,A,2016,3.751896,
SVN,EDUPUBEXP,PRY_TRY,PC_GDP,A,2017,3.750437,
SVN,EDUPUBEXP,PRY_TRY,PC_GDP,A,2018,3.727363,
SVN,EDUPUBEXP,PRY_TRY,PC_GDP,A,2019,3.720441,
ZAF,EDUPUBEXP,PRY_TRY,PC_GDP,A,2017,4.662767,
ZAF,EDUPUBEXP,PRY_TRY,PC_GDP,A,2018,4.796699,
ZAF,EDUPUBEXP,PRY_TRY,PC_GDP,A,2019,5.01457,
ZAF,EDUPUBEXP,PRY_TRY,PC_GDP,A,2020,6.173164,
CRI,EDUPUBEXP,TRY,PC_GDP,A,2000,0.9071455,
CRI,EDUPUBEXP,TRY,PC_GDP,A,2008,1.021452,
CRI,EDUPUBEXP,TRY,PC_GDP,A,2009,1.14113,
CRI,EDUPUBEXP,TRY,PC_GDP,A,2010,1.209256,
CRI,EDUPUBEXP,TRY,PC_GDP,A,2011,1.252909,
CRI,EDUPUBEXP,TRY,PC_GDP,A,2012,1.295936,
CRI,EDUPUBEXP,TRY,PC_GDP,A,2013,1.371906,
CRI,EDUPUBEXP,TRY,PC_GDP,A,2014,1.448181,
CRI,EDUPUBEXP,TRY,PC_GDP,A,2015,1.52965,
CRI,EDUPUBEXP,TRY,PC_GDP,A,2016,1.582457,
CRI,EDUPUBEXP,TRY,PC_GDP,A,2018,1.55153,
CRI,EDUPUBEXP,TRY,PC_GDP,A,2019,1.494835,
CRI,EDUPUBEXP,TRY,PC_GDP,A,2020,1.427763,
CRI,EDUPUBEXP,PRY_NTRY,PC_GDP,A,2000,3.449718,
CRI,EDUPUBEXP,PRY_NTRY,PC_GDP,A,2008,3.446523,
CRI,EDUPUBEXP,PRY_NTRY,PC_GDP,A,2009,4.359462,
CRI,EDUPUBEXP,PRY_NTRY,PC_GDP,A,2010,4.820263,
CRI,EDUPUBEXP,PRY_NTRY,PC_GDP,A,2011,4.587046,
CRI,EDUPUBEXP,PRY_NTRY,PC_GDP,A,2012,4.754158,
CRI,EDUPUBEXP,PRY_NTRY,PC_GDP,A,2013,4.701076,
CRI,EDUPUBEXP,PRY_NTRY,PC_GDP,A,2014,4.659144,
CRI,EDUPUBEXP,PRY_NTRY,PC_GDP,A,2015,4.847132,
CRI,EDUPUBEXP,PRY_NTRY,PC_GDP,A,2016,4.551488,
CRI,EDUPUBEXP,PRY_NTRY,PC_GDP,A,2018,3.888097,
CRI,EDUPUBEXP,PRY_NTRY,PC_GDP,A,2019,4.748634,
CRI,EDUPUBEXP,PRY_NTRY,PC_GDP,A,2020,4.43452,
CRI,EDUPUBEXP,PRY_TRY,PC_GDP,A,2000,4.356863,
CRI,EDUPUBEXP,PRY_TRY,PC_GDP,A,2008,4.467975,
CRI,EDUPUBEXP,PRY_TRY,PC_GDP,A,2009,5.500592,
CRI,EDUPUBEXP,PRY_TRY,PC_GDP,A,2010,6.029519,
CRI,EDUPUBEXP,PRY_TRY,PC_GDP,A,2011,5.839955,
CRI,EDUPUBEXP,PRY_TRY,PC_GDP,A,2012,6.050095,
CRI,EDUPUBEXP,PRY_TRY,PC_GDP,A,2013,6.072982,
CRI,EDUPUBEXP,PRY_TRY,PC_GDP,A,2014,6.107325,
CRI,EDUPUBEXP,PRY_TRY,PC_GDP,A,2015,6.376782,
CRI,EDUPUBEXP,PRY_TRY,PC_GDP,A,2016,6.133945,
CRI,EDUPUBEXP,PRY_TRY,PC_GDP,A,2018,5.439627,
CRI,EDUPUBEXP,PRY_TRY,PC_GDP,A,2019,6.243469,
CRI,EDUPUBEXP,PRY_TRY,PC_GDP,A,2020,5.862283,
LTU,EDUPUBEXP,TRY,PC_GDP,A,2000,0.9062683,
LTU,EDUPUBEXP,TRY,PC_GDP,A,2005,0.8495646,
LTU,EDUPUBEXP,TRY,PC_GDP,A,2008,0.8812107,
LTU,EDUPUBEXP,TRY,PC_GDP,A,2009,0.9489454,
LTU,EDUPUBEXP,TRY,PC_GDP,A,2010,1.083437,
LTU,EDUPUBEXP,TRY,PC_GDP,A,2011,1.308388,
LTU,EDUPUBEXP,TRY,PC_GDP,A,2012,1.26803,
LTU,EDUPUBEXP,TRY,PC_GDP,A,2013,1.21906,
LTU,EDUPUBEXP,TRY,PC_GDP,A,2014,1.23325,
LTU,EDUPUBEXP,TRY,PC_GDP,A,2015,1.080092,
LTU,EDUPUBEXP,TRY,PC_GDP,A,2016,0.7298689,
LTU,EDUPUBEXP,TRY,PC_GDP,A,2017,0.6668796,
LTU,EDUPUBEXP,TRY,PC_GDP,A,2018,0.7128252,
LTU,EDUPUBEXP,TRY,PC_GDP,A,2019,0.724478,
LTU,EDUPUBEXP,PRY_NTRY,PC_GDP,A,2000,3.595114,
LTU,EDUPUBEXP,PRY_NTRY,PC_GDP,A,2005,3.030378,
LTU,EDUPUBEXP,PRY_NTRY,PC_GDP,A,2008,3.231387,
LTU,EDUPUBEXP,PRY_NTRY,PC_GDP,A,2009,3.653911,
LTU,EDUPUBEXP,PRY_NTRY,PC_GDP,A,2010,3.274297,
LTU,EDUPUBEXP,PRY_NTRY,PC_GDP,A,2011,2.885708,
LTU,EDUPUBEXP,PRY_NTRY,PC_GDP,A,2012,2.69228,
LTU,EDUPUBEXP,PRY_NTRY,PC_GDP,A,2013,2.596064,
LTU,EDUPUBEXP,PRY_NTRY,PC_GDP,A,2014,2.474578,
LTU,EDUPUBEXP,PRY_NTRY,PC_GDP,A,2015,2.320374,
LTU,EDUPUBEXP,PRY_NTRY,PC_GDP,A,2016,2.381531,
LTU,EDUPUBEXP,PRY_NTRY,PC_GDP,A,2017,2.256156,
LTU,EDUPUBEXP,PRY_NTRY,PC_GDP,A,2018,2.205898,
LTU,EDUPUBEXP,PRY_NTRY,PC_GDP,A,2019,2.258246,
LTU,EDUPUBEXP,PRY_TRY,PC_GDP,A,2000,4.501382,
LTU,EDUPUBEXP,PRY_TRY,PC_GDP,A,2005,3.879943,
LTU,EDUPUBEXP,PRY_TRY,PC_GDP,A,2008,4.112597,
LTU,EDUPUBEXP,PRY_TRY,PC_GDP,A,2009,4.602856,
LTU,EDUPUBEXP,PRY_TRY,PC_GDP,A,2010,4.357734,
LTU,EDUPUBEXP,PRY_TRY,PC_GDP,A,2011,4.194096,
LTU,EDUPUBEXP,PRY_TRY,PC_GDP,A,2012,3.960309,
LTU,EDUPUBEXP,PRY_TRY,PC_GDP,A,2013,3.815124,
LTU,EDUPUBEXP,PRY_TRY,PC_GDP,A,2014,3.707828,
LTU,EDUPUBEXP,PRY_TRY,PC_GDP,A,2015,3.400467,
LTU,EDUPUBEXP,PRY_TRY,PC_GDP,A,2016,3.1114,
LTU,EDUPUBEXP,PRY_TRY,PC_GDP,A,2017,2.923035,
LTU,EDUPUBEXP,PRY_TRY,PC_GDP,A,2018,2.918723,
LTU,EDUPUBEXP,PRY_TRY,PC_GDP,A,2019,2.982724,
OAVG,EDUPUBEXP,TRY,PC_GDP,A,2000,0.9373596,
OAVG,EDUPUBEXP,TRY,PC_GDP,A,2005,0.9571456,
OAVG,EDUPUBEXP,TRY,PC_GDP,A,2008,0.9870619,
OAVG,EDUPUBEXP,TRY,PC_GDP,A,2009,1.0621,
OAVG,EDUPUBEXP,TRY,PC_GDP,A,2010,1.040779,
OAVG,EDUPUBEXP,TRY,PC_GDP,A,2011,1.060811,
OAVG,EDUPUBEXP,TRY,PC_GDP,A,2012,1.022465,
OAVG,EDUPUBEXP,TRY,PC_GDP,A,2013,1.02384,
OAVG,EDUPUBEXP,TRY,PC_GDP,A,2014,1.023635,
OAVG,EDUPUBEXP,TRY,PC_GDP,A,2015,0.9888086,
OAVG,EDUPUBEXP,TRY,PC_GDP,A,2016,0.9708668,
OAVG,EDUPUBEXP,TRY,PC_GDP,A,2017,0.9336596,
OAVG,EDUPUBEXP,TRY,PC_GDP,A,2018,0.9484281,
OAVG,EDUPUBEXP,TRY,PC_GDP,A,2019,0.934919445,
OAVG,EDUPUBEXP,PRY_NTRY,PC_GDP,A,2000,3.221648,
OAVG,EDUPUBEXP,PRY_NTRY,PC_GDP,A,2005,3.327956,
OAVG,EDUPUBEXP,PRY_NTRY,PC_GDP,A,2008,3.362932,
OAVG,EDUPUBEXP,PRY_NTRY,PC_GDP,A,2009,3.596749,
OAVG,EDUPUBEXP,PRY_NTRY,PC_GDP,A,2010,3.460526,
OAVG,EDUPUBEXP,PRY_NTRY,PC_GDP,A,2011,3.310585,
OAVG,EDUPUBEXP,PRY_NTRY,PC_GDP,A,2012,3.297711,
OAVG,EDUPUBEXP,PRY_NTRY,PC_GDP,A,2013,3.2808,
OAVG,EDUPUBEXP,PRY_NTRY,PC_GDP,A,2014,3.246409,
OAVG,EDUPUBEXP,PRY_NTRY,PC_GDP,A,2015,3.143764,
OAVG,EDUPUBEXP,PRY_NTRY,PC_GDP,A,2016,3.122342,
OAVG,EDUPUBEXP,PRY_NTRY,PC_GDP,A,2017,3.070178,
OAVG,EDUPUBEXP,PRY_NTRY,PC_GDP,A,2018,3.088541,
OAVG,EDUPUBEXP,PRY_NTRY,PC_GDP,A,2019,3.13830673,
OAVG,EDUPUBEXP,PRY_TRY,PC_GDP,A,2000,4.055027,
OAVG,EDUPUBEXP,PRY_TRY,PC_GDP,A,2005,4.271523,
OAVG,EDUPUBEXP,PRY_TRY,PC_GDP,A,2008,4.362293,
OAVG,EDUPUBEXP,PRY_TRY,PC_GDP,A,2009,4.673611,
OAVG,EDUPUBEXP,PRY_TRY,PC_GDP,A,2010,4.508466,
OAVG,EDUPUBEXP,PRY_TRY,PC_GDP,A,2011,4.364057,
OAVG,EDUPUBEXP,PRY_TRY,PC_GDP,A,2012,4.320176,
OAVG,EDUPUBEXP,PRY_TRY,PC_GDP,A,2013,4.30464,
OAVG,EDUPUBEXP,PRY_TRY,PC_GDP,A,2014,4.270044,
OAVG,EDUPUBEXP,PRY_TRY,PC_GDP,A,2015,4.132573,
OAVG,EDUPUBEXP,PRY_TRY,PC_GDP,A,2016,4.093208,
OAVG,EDUPUBEXP,PRY_TRY,PC_GDP,A,2017,4.003837,
OAVG,EDUPUBEXP,PRY_TRY,PC_GDP,A,2018,4.036969,
OAVG,EDUPUBEXP,PRY_TRY,PC_GDP,A,2019,4.065187811,
G20,EDUPUBEXP,TRY,PC_GDP,A,2010,37.9698,
G20,EDUPUBEXP,TRY,PC_GDP,A,2011,42.53519,
G20,EDUPUBEXP,TRY,PC_GDP,A,2012,40.7377,
G20,EDUPUBEXP,TRY,PC_GDP,A,2013,37.74274,
G20,EDUPUBEXP,TRY,PC_GDP,A,2019,0.872571227,
G20,EDUPUBEXP,PRY_NTRY,PC_GDP,A,2005,2.95484,
G20,EDUPUBEXP,PRY_NTRY,PC_GDP,A,2010,3.01634,
G20,EDUPUBEXP,PRY_NTRY,PC_GDP,A,2011,3.148057,
G20,EDUPUBEXP,PRY_NTRY,PC_GDP,A,2012,3.025214,
G20,EDUPUBEXP,PRY_NTRY,PC_GDP,A,2013,3.046383,
G20,EDUPUBEXP,PRY_NTRY,PC_GDP,A,2019,3.175094648,
G20,EDUPUBEXP,PRY_TRY,PC_GDP,A,2010,3.909654,
G20,EDUPUBEXP,PRY_TRY,PC_GDP,A,2011,4.078124,
G20,EDUPUBEXP,PRY_TRY,PC_GDP,A,2012,3.884029,
G20,EDUPUBEXP,PRY_TRY,PC_GDP,A,2013,3.940118,
G20,EDUPUBEXP,PRY_TRY,PC_GDP,A,2019,4.047665894,
